Cutting speed,Feed rate,Tool nose radius,Depth of cut,Tool material,Workpiece material,Machining time,Spindle speed,Coolant use,Operator ID,Roughness
143.64,0.133,0.61,2.05,HSS,Brass,446.1,2206,0,OP012,321.3658537
287.68,0.294,0.6,2.41,Carbide,Steel,233.92,2679,0,OP004,243.6108053
233,0.443,1.13,0.83,Carbide,Brass,66.42,1094,1,OP016,716.0651636
199.66,0.38,0.6,1.91,Ceramic,Steel,72.37,2947,1,OP020,165.0537338
89,0.413,0.62,1.76,Ceramic,Brass,95.76,1466,0,OP018,75.91349329
89,0.346,1.01,2.52,Carbide,Aluminum,525.72,1168,1,OP004,103.0943206
64.52,0.362,0.76,2.73,Carbide,Aluminum,299.17,1554,1,OP006,49.61771194
266.54,0.432,1.02,0.14,HSS,Brass,436.34,736,0,OP015,4495.218254
200.28,0.162,0.45,2.05,Ceramic,Brass,253.96,814,0,OP001,271.3821138
227.02,0.27,0.79,0.25,HSS,Aluminum,177.47,1536,0,OP003,2656.974815
55.15,0.15,0.43,1.69,HSS,Brass,227.9,2406,0,OP005,93.54832347
292.48,0.494,0.45,0.93,HSS,Steel,482.68,2751,0,OP017,286.4829568
258.11,0.475,1.13,0.99,Carbide,Steel,386.37,2162,0,OP014,620.2324296
103.08,0.068,0.51,1.12,HSS,Steel,564.45,763,1,OP009,690.2678571
95.46,0.368,0.83,1.9,HSS,Steel,417.43,2180,0,OP003,113.3177918
95.85,0.466,0.73,1.07,Carbide,Steel,355,2089,1,OP013,140.3283061
126.06,0.131,0.68,2.22,Ceramic,Brass,377.81,2514,1,OP003,294.7555189
181.19,0.306,1.12,1.27,Ceramic,Brass,567.15,2563,0,OP011,522.1882559
157.99,0.462,0.42,0.3,HSS,Steel,479.27,2671,1,OP002,478.7575758
122.81,0.065,0.93,2.37,Carbide,Brass,43.7,1535,0,OP015,741.4040896
202.96,0.364,1.17,0.93,Ceramic,Brass,334.46,2245,1,OP013,701.4746544
84.87,0.184,0.85,1.36,HSS,Steel,422.35,1171,0,OP019,288.28125
123.04,0.466,1.15,2.09,HSS,Brass,456.76,2998,0,OP016,145.2820502
141.59,0.487,0.44,1.06,Carbide,Brass,151.49,938,0,OP018,120.6842044
164.02,0.475,0.74,0.26,HSS,Brass,524.29,525,0,OP007,982.7919028
246.29,0.263,0.61,1.18,Ceramic,Steel,574.83,872,1,OP013,484.1042083
99.92,0.438,0.98,2.84,Carbide,Brass,164.93,2440,1,OP004,78.72017493
178.56,0.43,1.19,1.96,Ceramic,Aluminum,533.09,1617,1,OP009,252.1196013
198.1,0.194,0.61,2.05,Ceramic,Aluminum,85.28,1619,1,OP010,303.8496354
61.61,0.423,0.92,1.93,Ceramic,Steel,61.75,2888,1,OP009,69.42907189
201.89,0.067,0.56,0.68,HSS,Aluminum,103.66,2799,0,OP007,2481.527656
92.63,0.318,0.85,1.31,HSS,Steel,62.91,1278,0,OP015,189.0045129
66.26,0.154,0.77,2.28,Ceramic,Aluminum,511.66,1023,0,OP008,145.3070175
287.22,0.104,1.18,0.39,Ceramic,Aluminum,63.66,2621,0,OP019,8356.005917
291.41,0.085,0.89,0.91,Carbide,Aluminum,184.85,2765,0,OP011,3353.004525
252.1,0.363,0.68,0.9,Carbide,Steel,89.14,1854,1,OP005,524.7260484
126.15,0.203,0.49,1.35,HSS,Steel,198.39,2074,0,OP002,225.5555556
74.42,0.376,0.52,2.94,HSS,Brass,81.62,1142,0,OP010,35.00723694
221.06,0.079,0.58,0.3,Carbide,Steel,410.76,2502,1,OP016,5409.907173
160.04,0.192,0.6,1.6,Ceramic,Aluminum,106,2080,1,OP013,312.578125
80.51,0.293,1.08,0.62,HSS,Aluminum,515.55,1759,0,OP008,478.6458219
173.79,0.406,0.85,2.91,Ceramic,Steel,495.8,650,0,OP009,125.03301
58.6,0.193,0.82,0.43,Carbide,Steel,37.79,2790,1,OP011,579.0095192
277.33,0.332,0.49,1.27,HSS,Steel,540.56,2039,0,OP011,322.2931885
114.69,0.449,1.09,2.24,HSS,Brass,46.5,982,0,OP016,124.2961542
215.63,0.327,0.98,2.14,Carbide,Aluminum,166.6,2016,0,OP010,301.976907
127.93,0.155,0.45,1.33,HSS,Brass,48.46,2194,1,OP012,279.2553966
180.02,0.061,0.97,1.1,Carbide,Brass,221.43,1814,0,OP006,2602.375559
186.68,0.442,0.83,1.25,HSS,Aluminum,322.9,2295,0,OP012,280.4423529
96.21,0.06,0.47,0.87,Carbide,Aluminum,484.09,1954,1,OP010,866.2586207
292.4,0.444,0.77,0.7,HSS,Steel,222.65,2869,1,OP018,724.4144144
243.78,0.288,0.79,1.5,Ceramic,Steel,432.13,634,1,OP018,445.8013889
284.87,0.473,0.53,0.88,Ceramic,Brass,136.88,766,0,OP004,362.7260715
273.71,0.409,1.16,0.93,Ceramic,Steel,457.84,934,1,OP009,834.7230328
199.47,0.499,1.08,2,HSS,Steel,164.52,2225,0,OP007,215.8593186
280.47,0.208,0.94,2.91,HSS,Aluminum,111.82,2114,1,OP018,435.5699841
72.12,0.395,0.77,1.85,Ceramic,Aluminum,135.68,2730,0,OP008,75.9937051
99,0.231,0.73,0.32,Ceramic,Steel,133.78,2332,1,OP011,977.6785714
61.31,0.266,0.92,0.32,Carbide,Aluminum,322.33,1771,0,OP007,662.6550752
131.33,0.332,0.84,2.86,Carbide,Steel,511.53,2980,0,OP009,116.1820709
147.17,0.443,0.45,0.96,Carbide,Aluminum,75.37,1165,1,OP008,155.7244639
117.84,0.493,0.81,0.37,Ceramic,Aluminum,432.97,2583,1,OP003,523.2739433
257.18,0.396,1.05,1.84,Ceramic,Aluminum,402.98,1567,0,OP017,370.6068841
139.19,0.238,0.77,1.91,Ceramic,Aluminum,527.34,2122,1,OP002,235.7699415
120.23,0.24,0.44,1.98,Carbide,Steel,169.16,2318,0,OP015,111.3240741
185.67,0.382,1.03,0.88,HSS,Brass,286.56,2084,1,OP014,568.8960614
85.23,0.157,0.56,0.14,Ceramic,Aluminum,557.72,851,1,OP018,2171.464968
250.55,0.1,0.61,2.9,HSS,Steel,406.2,1607,0,OP016,527.0189655
68.64,0.21,0.53,0.83,HSS,Steel,251.6,1904,1,OP020,208.7160069
296.72,0.179,0.66,2.06,HSS,Aluminum,104.91,2623,1,OP004,531.092911
243.06,0.183,1.01,2.15,Carbide,Brass,179.62,1609,0,OP020,623.9435761
99.68,0.155,0.82,1.87,HSS,Aluminum,361.29,2797,0,OP006,281.999655
51.38,0.069,0.56,1.01,Ceramic,Steel,439.36,1601,1,OP006,412.8684173
253.87,0.058,1.1,0.89,Carbide,Brass,100.92,1872,0,OP011,5409.860519
226.71,0.494,1.1,1.83,Ceramic,Steel,371.77,2491,1,OP017,275.857835
232.25,0.242,1.1,2.61,Ceramic,Aluminum,343.7,1958,1,OP003,404.4757924
242.82,0.223,0.59,2.85,Carbide,Brass,322.95,2901,0,OP013,225.4170404
68.51,0.356,0.76,0.41,Ceramic,Steel,423.37,2151,0,OP003,356.7251302
139.62,0.148,1.19,0.55,Ceramic,Steel,507.35,1807,0,OP016,2041.127764
78.97,0.477,1.02,2.84,Carbide,Steel,214.1,559,0,OP015,59.4600939
265.78,0.404,0.42,2.24,Ceramic,Aluminum,536.74,1534,0,OP011,123.3508663
205.82,0.09,0.45,2.66,HSS,Brass,121.56,1248,0,OP018,386.8796992
132.72,0.238,0.77,0.69,Ceramic,Aluminum,128.62,2370,1,OP015,622.3017903
65.89,0.446,1.13,1.8,HSS,Aluminum,182.06,1021,1,OP005,92.74501744
127.75,0.475,0.83,2.13,Ceramic,Aluminum,98.13,1013,0,OP016,104.8010872
131.3,0.26,0.8,2.07,Carbide,Brass,161.28,974,1,OP016,195.1690821
232.4,0.326,0.48,1.28,Carbide,Aluminum,90.65,814,1,OP017,267.3312883
209.39,0.125,0.93,0.14,Ceramic,Aluminum,498.4,1278,1,OP009,11127.58286
271.8,0.496,1.06,1.79,Carbide,Aluminum,109.21,2715,1,OP003,324.5044152
168.05,0.154,0.7,0.83,Ceramic,Aluminum,455.96,2437,0,OP020,920.3176342
79.9,0.474,1.02,1.41,Carbide,Steel,57.31,2338,1,OP013,121.9409283
228.31,0.342,1.17,2.88,HSS,Aluminum,570.66,2493,1,OP003,271.2015716
240.2,0.323,0.56,1.26,Ceramic,Steel,435.36,1174,0,OP007,330.5125559
190.32,0.281,0.82,2.54,HSS,Aluminum,33.87,2719,0,OP006,218.654412
242.74,0.154,0.63,0.65,HSS,Brass,465.4,843,0,OP009,1527.734266
173.45,0.129,1.03,2.05,Ceramic,Steel,323.03,1341,0,OP012,675.5662696
180.68,0.149,0.86,2.93,HSS,Steel,474.24,1967,1,OP015,355.9218453
156.89,0.134,0.91,0.4,Ceramic,Steel,327.82,757,0,OP020,2663.617537
56.35,0.401,1.04,0.12,HSS,Steel,395.38,2325,1,OP003,1217.871987
76.97,0.208,0.72,1.36,Ceramic,Brass,478.21,1468,1,OP010,195.9078054
57.86,0.076,1.13,0.37,Ceramic,Aluminum,260.91,2461,0,OP001,2325.099573
209.1,0.486,0.83,2.27,Carbide,Steel,31.54,1732,0,OP019,157.3149508
128.59,0.448,0.53,2.75,Ceramic,Brass,514.47,952,0,OP019,55.31875
177.14,0.467,0.96,1.36,Ceramic,Steel,247.11,2337,0,OP013,267.751606
276.89,0.498,1.03,0.85,HSS,Aluminum,312.74,1130,0,OP012,673.746043
112.32,0.128,0.65,1.36,Ceramic,Steel,34.43,1727,0,OP001,419.3933824
152.6,0.228,1.09,2.2,Carbide,Brass,310.49,689,1,OP019,331.6068581
238.89,0.391,1.12,0.13,HSS,Aluminum,592.3,2045,1,OP016,5263.757623
107.2,0.363,0.62,1.81,HSS,Brass,188.61,2165,1,OP015,101.1582424
69.24,0.119,1.19,1.88,Carbide,Aluminum,255.39,1447,1,OP016,368.2978723
122.44,0.417,0.51,1.95,HSS,Aluminum,421.7,2886,0,OP011,76.79321158
90.31,0.151,0.56,0.8,HSS,Aluminum,494.43,2685,0,OP006,418.6556291
282.42,0.151,0.55,2.17,HSS,Steel,267.91,2270,1,OP011,474.0470595
252.03,0.292,1.12,0.37,HSS,Brass,206.51,2284,1,OP003,2612.676786
208.35,0.317,0.92,0.68,Carbide,Brass,564.56,1131,1,OP015,889.2280572
267.87,0.311,0.52,2.64,Carbide,Brass,415.97,2142,0,OP001,169.6536101
250.92,0.091,0.75,2.24,HSS,Aluminum,97.84,996,0,OP007,923.2240973
96.64,0.445,0.89,0.14,HSS,Steel,69.29,860,0,OP001,1380.571429
273.14,0.17,0.47,0.82,Carbide,Aluminum,305.62,2999,1,OP017,920.9167862
184.84,0.108,1.11,0.72,Carbide,Brass,155.45,2056,1,OP009,2638.533951
251.86,0.45,1.04,0.89,Carbide,Steel,174.77,1577,0,OP013,654.0184769
274.02,0.48,0.8,0.82,HSS,Steel,530.28,1220,0,OP011,556.9512195
129.5,0.438,1.17,0.28,HSS,Steel,81.05,2010,1,OP020,1235.445205
77.51,0.414,0.73,1.43,Ceramic,Brass,437.76,624,1,OP006,95.57498057
106.98,0.345,1.19,2.22,Carbide,Steel,184.55,737,0,OP001,166.217783
156.78,0.298,0.93,1.86,HSS,Steel,463.39,582,1,OP007,263.0536913
254.5,0.089,0.91,2.05,Carbide,Aluminum,441.77,1748,0,OP012,1269.361469
265.18,0.234,0.53,0.34,HSS,Aluminum,34.21,2002,0,OP020,1766.533434
51.74,0.218,1.11,2.86,Carbide,Steel,320.21,656,1,OP019,92.11426188
177.69,0.167,0.74,2.53,HSS,Steel,109.41,2303,1,OP017,311.212989
154.35,0.376,0.53,2.43,Ceramic,Aluminum,523.75,1076,1,OP004,89.53408195
105.53,0.273,0.41,2.49,Ceramic,Aluminum,526.8,2213,0,OP003,63.649911
79.97,0.086,0.85,2.8,Carbide,Aluminum,268.46,2955,1,OP001,282.2861296
134.4,0.149,0.82,1.68,HSS,Brass,283.31,2228,1,OP018,440.2684564
285.73,0.357,0.98,0.68,HSS,Brass,202.87,2708,0,OP015,1153.465975
130.8,0.084,1.11,1.89,Carbide,Aluminum,438.47,2870,0,OP008,914.5124717
179.7,0.433,0.46,2.25,HSS,Steel,234.44,1717,1,OP001,84.84680523
225.75,0.273,0.99,2.24,Carbide,Aluminum,182.64,2256,0,OP020,365.470467
140.91,0.266,0.55,1.61,HSS,Brass,276.37,2630,0,OP014,180.966002
292.95,0.317,1.09,0.3,Carbide,Steel,82.15,1392,0,OP004,3357.681388
290.61,0.421,1.06,1.18,HSS,Brass,455.56,1153,1,OP005,620.0865574
112.95,0.207,0.83,2.77,Carbide,Steel,37.18,2866,1,OP013,163.4986658
174.31,0.355,0.97,1.79,HSS,Brass,397.36,2316,0,OP015,266.0802581
125.22,0.305,0.65,1.66,Ceramic,Steel,134.23,1049,0,OP006,160.7604187
121.21,0.17,0.78,0.88,HSS,Steel,162.47,1623,0,OP001,631.9772727
59.22,0.445,1.06,1.17,Carbide,Steel,392.31,2491,1,OP019,120.5669836
202.39,0.409,0.77,2.7,Ceramic,Steel,595.98,1868,0,OP013,141.1213438
175.67,0.346,0.69,2.03,HSS,Brass,473.3,2125,0,OP006,172.5736781
62.87,0.433,0.8,2.38,Ceramic,Brass,158.73,2384,1,OP015,48.80548062
119.66,0.44,1.06,1.42,HSS,Steel,130.33,2055,0,OP016,203.0083227
277.07,0.369,0.67,1.93,Ceramic,Steel,523.75,1850,1,OP016,260.663746
109.89,0.427,0.54,0.82,Carbide,Brass,283.18,2374,1,OP010,169.4767807
86.22,0.364,0.97,2.15,HSS,Steel,108.12,2319,1,OP009,106.8660874
172.36,0.356,1.06,1.34,HSS,Steel,521.46,2075,0,OP009,382.9901057
296.41,0.328,0.48,1.38,Carbide,Steel,495.17,1399,0,OP017,314.3266172
110.51,0.389,0.59,1.98,Ceramic,Aluminum,590.83,1515,1,OP017,84.65230713
218.03,0.121,0.51,2.82,Carbide,Steel,548.55,2926,0,OP017,325.8756814
240.4,0.446,0.68,0.29,Carbide,Aluminum,515.52,781,1,OP012,1263.893614
109.41,0.442,0.76,2.49,Ceramic,Steel,59.97,1171,0,OP013,75.55252685
232.05,0.063,1,0.95,Carbide,Brass,89.52,1731,1,OP012,3877.192982
141.95,0.422,0.92,1.39,HSS,Aluminum,354.32,2592,1,OP014,222.6362985
208.08,0.108,0.9,0.16,HSS,Aluminum,332.94,909,0,OP010,10837.5
208.38,0.201,0.68,0.97,HSS,Steel,291.04,1192,0,OP019,726.7702723
183.94,0.385,1.07,1.56,Carbide,Steel,256.17,664,0,OP002,327.6986347
72.57,0.122,0.78,0.26,HSS,Aluminum,275.79,2265,0,OP004,1784.508197
258.83,0.418,1.18,1.52,HSS,Brass,354.5,1096,1,OP019,480.7029086
130.2,0.424,0.91,2.79,HSS,Brass,31.18,1472,1,OP007,100.1572327
96.63,0.278,0.5,0.41,HSS,Steel,178.6,1609,0,OP015,423.8901562
60.19,0.053,0.94,2.32,HSS,Brass,325.42,2728,0,OP015,460.1382563
197.72,0.179,0.66,1.29,HSS,Brass,441.66,1528,1,OP006,565.134468
219.39,0.328,0.95,2,Carbide,Steel,129.27,863,0,OP003,317.7141768
54.15,0.492,0.46,0.85,HSS,Brass,341.72,1811,0,OP006,59.56241033
178.02,0.334,0.54,0.56,HSS,Steel,437.24,2907,0,OP016,513.9585115
106.62,0.167,1.08,0.57,Ceramic,Aluminum,283.44,2019,0,OP002,1209.681689
211.29,0.335,0.58,0.3,Carbide,Steel,45.44,2958,1,OP007,1219.385075
93.59,0.293,1.07,0.64,Carbide,Aluminum,286.08,2603,1,OP011,534.0299701
222.73,0.401,0.62,2.03,Carbide,Aluminum,198.97,590,0,OP007,169.6406766
146.68,0.098,0.91,2.66,Carbide,Brass,559.9,2146,1,OP004,512.0408163
284.18,0.392,0.96,2.46,HSS,Brass,101.03,1217,0,OP020,282.9069189
84.38,0.294,0.81,2.09,HSS,Brass,401.91,1899,0,OP007,111.2323015
135.27,0.483,0.64,0.42,Ceramic,Steel,60.05,1198,0,OP004,426.7613132
78.37,0.204,0.57,0.94,Ceramic,Brass,284.32,1372,1,OP012,232.9521277
281.17,0.335,0.43,1,Carbide,Aluminum,345.77,2808,1,OP005,360.9047761
269.33,0.469,0.64,0.82,Ceramic,Brass,199.83,1017,1,OP019,448.206355
114.49,0.096,0.92,1.59,Ceramic,Brass,289.39,2685,1,OP005,690.0602725
215,0.472,1.15,1.65,Carbide,Steel,123.23,576,1,OP019,317.4756035
254.31,0.36,1.1,1.13,Carbide,Steel,203.35,727,0,OP003,687.6622419
188.8,0.081,1.01,1.13,Ceramic,Aluminum,384.03,2637,0,OP011,2083.338796
182.41,0.185,1.03,2.5,HSS,Steel,202.03,2076,1,OP007,406.232
110.46,0.369,0.93,2.39,Ceramic,Brass,542.85,2368,1,OP017,116.4833146
73.28,0.08,0.61,0.99,Ceramic,Steel,388.19,1024,1,OP009,564.4040404
274.3,0.312,1.13,2.75,HSS,Aluminum,280.03,1843,0,OP009,361.2575758
275.1,0.206,0.94,2.86,HSS,Brass,52.09,2343,1,OP010,438.919818
208.28,0.329,0.85,1.05,Carbide,Aluminum,314.74,2068,0,OP013,512.4851643
134.76,0.071,0.49,1.13,Carbide,Steel,465.92,1679,0,OP015,823.0387636
137.3,0.442,0.76,1.57,Ceramic,Steel,181.37,2899,1,OP005,150.370349
231.49,0.488,0.77,2.83,HSS,Aluminum,489.86,2190,0,OP003,129.0674419
274.28,0.486,1.09,2.64,Carbide,Brass,173.53,2769,0,OP008,233.0131563
271.77,0.387,0.84,0.4,Ceramic,Steel,499.54,2324,1,OP020,1474.72093
244.97,0.109,0.7,1.24,HSS,Steel,78.6,2339,0,OP010,1268.711157
210.51,0.391,1.18,1.7,Ceramic,Brass,523.72,700,1,OP013,373.7051301
71.03,0.061,0.49,1.56,Carbide,Steel,314.54,1399,0,OP003,365.7492644
90.41,0.06,0.74,0.66,Carbide,Aluminum,199.03,2646,1,OP008,1689.479798
274.64,0.196,0.43,2.59,HSS,Steel,181.11,1082,1,OP009,232.6357261
201.61,0.27,0.99,2.06,Ceramic,Steel,276.25,789,0,OP012,358.8527508
52.3,0.397,1.13,2.53,HSS,Brass,599.46,1315,1,OP011,58.83951773
75.37,0.357,0.62,2.59,Carbide,Aluminum,155.59,1051,0,OP002,50.53848566
215.88,0.251,1.09,2.27,Carbide,Brass,88.83,2813,0,OP018,412.9898029
51.27,0.173,0.63,1.37,Ceramic,Steel,363.47,2670,1,OP009,136.2815915
90.2,0.499,1.13,1.87,Ceramic,Steel,308.47,1749,0,OP002,109.2302252
187.18,0.242,1,0.57,Ceramic,Brass,328.79,653,1,OP002,1356.966797
222.97,0.253,1.04,2.05,HSS,Brass,410.15,2286,0,OP003,447.1007423
212.99,0.124,0.41,0.62,Ceramic,Brass,182.27,2059,0,OP016,1135.872789
106.07,0.408,1.17,2.11,Ceramic,Aluminum,549.08,2926,1,OP019,144.1570254
228.04,0.362,0.98,0.77,Carbide,Steel,278.33,1897,0,OP004,801.7478654
109.31,0.149,0.64,0.44,Carbide,Brass,103.58,1341,0,OP018,1067.089689
131.35,0.087,1.06,0.58,Ceramic,Steel,453.11,1798,0,OP020,2759.235038
236.62,0.356,0.63,0.11,Ceramic,Aluminum,396.57,2948,0,OP018,3806.705822
212.41,0.345,1.1,2.18,Carbide,Aluminum,209.97,2241,0,OP010,310.6648052
262.31,0.173,0.49,2.22,Ceramic,Aluminum,384.27,2180,0,OP011,334.666198
214.4,0.478,0.96,1.59,HSS,Aluminum,155.32,1102,0,OP017,270.8139259
192.08,0.118,0.83,0.57,HSS,Steel,283.56,2359,0,OP020,2370.300327
73.42,0.245,0.48,0.34,HSS,Aluminum,542.67,2376,1,OP016,423.0684274
141.93,0.475,0.59,0.16,Ceramic,Aluminum,106.11,1293,0,OP020,1101.825
116.3,0.239,0.41,0.58,Carbide,Brass,250.42,1709,0,OP013,343.9835522
111,0.337,0.78,2.68,Ceramic,Aluminum,498.05,1237,1,OP002,95.86341291
293.25,0.229,0.64,0.8,Ceramic,Brass,582.61,1147,1,OP002,1024.454148
148.27,0.173,0.88,1.13,Carbide,Aluminum,288.74,565,1,OP014,667.4387437
273.01,0.493,0.64,0.41,Carbide,Aluminum,318.99,1213,0,OP004,864.4258645
207.78,0.234,0.64,0.74,Carbide,Brass,356.14,1885,1,OP017,767.955648
248.7,0.452,0.99,1.61,HSS,Aluminum,561.44,504,1,OP013,338.3347991
175.66,0.153,0.44,1.86,Ceramic,Steel,519.18,1208,0,OP004,271.5946307
194.23,0.146,1.12,0.81,Carbide,Steel,127.24,2704,0,OP003,1839.485879
173.13,0.064,1.08,0.27,Ceramic,Aluminum,278.95,1984,1,OP012,10820.625
98.81,0.343,0.93,1.23,HSS,Steel,294.48,2020,1,OP008,217.8134111
230.61,0.216,0.87,0.78,HSS,Brass,479.78,1508,0,OP002,1190.827991
120.19,0.439,1.11,0.74,Carbide,Aluminum,373.65,2191,0,OP006,410.6719818
56.08,0.263,0.55,2.88,Carbide,Aluminum,402.91,975,0,OP010,40.72137727
211.37,0.486,0.46,1.89,Ceramic,Brass,598.97,2547,0,OP012,105.8529841
94.28,0.133,0.59,1.71,Carbide,Brass,72.73,792,0,OP010,244.5816295
285.11,0.441,1.04,1.31,Ceramic,Brass,157.12,2140,1,OP010,513.2582091
288.48,0.399,0.43,1.34,Carbide,Aluminum,262.5,1353,0,OP003,232.0098754
278.72,0.397,0.87,1.67,Ceramic,Brass,228.24,2369,0,OP020,365.746693
142.54,0.43,1.2,2.12,Ceramic,Brass,42.34,1874,0,OP010,187.6349276
53.86,0.392,1.08,2.14,Ceramic,Steel,82.31,1631,0,OP009,69.34102613
282.08,0.332,0.82,0.6,Ceramic,Steel,418.14,924,0,OP020,1161.172691
157.05,0.109,0.45,1.55,HSS,Aluminum,531.21,2092,1,OP019,418.304232
291.66,0.065,1.07,1.29,Ceramic,Steel,323.11,2937,0,OP014,3721.838998
290.9,0.464,0.88,2.62,Carbide,Steel,337.34,2564,1,OP002,210.5751514
263.25,0.327,0.49,1.93,HSS,Brass,175.4,650,0,OP005,204.3898845
123.61,0.408,0.48,1.64,HSS,Brass,467.69,1441,1,OP020,88.67288379
146.27,0.267,1.13,0.43,Ceramic,Steel,458.52,2814,1,OP008,1439.640275
262.78,0.103,0.94,1.86,HSS,Steel,365.37,1758,0,OP007,1289.347531
129.23,0.106,1.06,0.44,Ceramic,Steel,151.22,2155,0,OP006,2937.045455
92.37,0.359,1.1,1.08,Carbide,Aluminum,85.3,2781,0,OP011,262.0628288
189.2,0.244,0.86,0.51,Ceramic,Aluminum,66.62,2684,0,OP012,1307.553841
284.04,0.14,0.81,2.11,HSS,Aluminum,367.84,1755,0,OP018,778.8503724
224.01,0.271,0.74,0.7,Carbide,Steel,500.27,1594,1,OP019,873.839747
192.52,0.079,0.65,1.24,Ceramic,Steel,519.25,1349,0,OP010,1277.439771
74.29,0.312,0.75,2.7,Carbide,Aluminum,294.26,2298,0,OP014,66.14138177
203.75,0.171,1.02,0.69,Carbide,Aluminum,477.03,1217,1,OP003,1761.378083
297.51,0.409,0.88,1.57,HSS,Steel,569.72,1125,0,OP018,407.7193092
85.02,0.19,1.11,1.32,Carbide,Brass,186.85,1391,1,OP015,376.284689
179.58,0.255,0.75,0.15,HSS,Aluminum,256.84,943,0,OP006,3521.176471
269.34,0.055,0.89,2.4,Carbide,Steel,560.94,2238,1,OP010,1816.004545
235.19,0.083,0.91,0.3,Ceramic,Steel,222.79,2041,0,OP012,8595.297189
224.25,0.227,0.87,1.48,Carbide,Brass,550.91,1707,1,OP007,580.7164543
225.62,0.266,0.96,1.73,Ceramic,Steel,589.2,1476,1,OP017,470.6749533
139.87,0.32,0.59,1.92,Ceramic,Steel,407.23,2773,0,OP001,134.3152669
123.4,0.181,0.81,2.1,Carbide,Aluminum,495.63,573,0,OP018,262.9676401
252.34,0.363,0.48,0.83,Ceramic,Aluminum,457.24,2423,0,OP015,402.0153341
252.53,0.437,0.71,0.13,Carbide,Brass,428.73,2755,1,OP019,3156.069354
266.77,0.401,0.79,2.2,Carbide,Brass,204.95,1616,1,OP001,238.8894808
278.31,0.068,0.92,1.65,Ceramic,Steel,62.54,1877,1,OP005,2282.042781
177.84,0.266,1.16,2.52,Ceramic,Aluminum,225.54,2861,0,OP015,307.755102
175.38,0.097,0.88,2.48,HSS,Brass,410.15,1031,0,OP003,641.5630196
249.57,0.159,0.99,2.55,Ceramic,Brass,88.44,1800,1,OP001,609.3829079
212.49,0.494,0.81,1.51,HSS,Brass,36.79,1687,0,OP008,230.7382631
225.49,0.114,0.91,1.07,Ceramic,Steel,109.62,1146,1,OP012,1682.209379
248.95,0.274,0.46,2.4,Carbide,Aluminum,437.97,2546,0,OP019,174.1438564
272.5,0.328,0.6,1.41,Ceramic,Brass,584.49,2749,0,OP012,353.5288012
134.5,0.366,0.69,0.63,Carbide,Aluminum,590.35,2455,1,OP013,402.4850377
143.9,0.302,0.78,2.58,Carbide,Brass,311.57,988,0,OP001,144.0551363
73.5,0.054,0.44,2.66,Carbide,Brass,525.53,717,0,OP019,225.1461988
194.57,0.197,0.51,1.45,HSS,Aluminum,449.99,2014,0,OP006,347.3856118
58.99,0.283,0.62,0.32,Ceramic,Aluminum,315.59,643,0,OP008,403.8626325
166.4,0.09,1.18,1.22,Carbide,Aluminum,356.47,2182,0,OP004,1788.269581
185.66,0.208,0.67,2.43,Carbide,Steel,108.22,1826,1,OP005,246.1067585
121.64,0.065,0.79,2.72,HSS,Brass,564.47,2157,0,OP007,543.5271493
197.71,0.085,0.56,0.69,Ceramic,Steel,230.6,1975,1,OP004,1887.768116
57.63,0.229,0.89,0.29,Ceramic,Aluminum,284.31,1557,0,OP020,772.3339858
59.34,0.11,0.62,2.64,HSS,Brass,412.85,1002,0,OP004,126.6900826
255.65,0.305,0.57,1.23,HSS,Steel,220.32,1264,1,OP015,388.4326269
140.05,0.36,0.81,1.67,Ceramic,Brass,174.93,1811,1,OP005,188.6901198
81.77,0.41,0.4,2.91,HSS,Steel,389.7,2130,0,OP009,27.41429889
180.56,0.14,0.41,0.29,Ceramic,Aluminum,44.24,2449,0,OP002,1823.389163
242.5,0.125,0.58,1.98,Ceramic,Steel,440.81,2418,1,OP007,568.2828283
103.96,0.097,0.43,0.31,Carbide,Brass,322.99,2932,1,OP017,1486.624543
205.72,0.336,0.49,1.19,Carbide,Brass,375.28,1215,1,OP016,252.1078431
71.34,0.368,0.67,2.43,Ceramic,Brass,390.17,678,1,OP017,53.45075148
62.92,0.064,1.04,1.36,Ceramic,Brass,330.42,1364,0,OP020,751.8014706
182.84,0.471,0.86,2.99,Ceramic,Aluminum,362.04,2358,0,OP002,111.6548438
185.16,0.073,0.81,1.72,Ceramic,Steel,419.76,1595,0,OP011,1194.485505
209.36,0.294,0.63,1.03,Ceramic,Aluminum,459.28,2544,0,OP002,435.5617198
231.52,0.369,1.15,0.74,Ceramic,Aluminum,444.65,1873,0,OP001,975.0531019
293.96,0.442,0.72,1.12,HSS,Aluminum,525.68,2824,1,OP002,427.5436328
179.08,0.371,0.47,1.18,Ceramic,Brass,137.98,2870,1,OP009,192.2600393
130.74,0.411,0.89,0.3,HSS,Brass,258.65,673,1,OP002,943.703163
248.8,0.203,0.49,1.17,HSS,Brass,570.24,1641,0,OP015,513.2920719
117.71,0.417,0.68,1.45,Ceramic,Steel,256.06,2024,1,OP010,132.3787315
159.74,0.086,0.81,2.2,Ceramic,Brass,101.18,1140,0,OP015,683.8763214
69.61,0.453,1.1,2,HSS,Steel,329.5,1518,0,OP010,84.51545254
56.34,0.296,0.79,2.16,HSS,Brass,92.41,2194,0,OP017,69.6143018
290.66,0.418,0.96,0.12,Ceramic,Brass,145.63,1067,1,OP009,5562.870813
259,0.254,1.19,0.73,Ceramic,Aluminum,599.04,2005,0,OP018,1662.226297
223.99,0.34,0.51,2.02,HSS,Aluminum,338.58,2244,0,OP004,166.3292079
152.24,0.287,0.62,1.5,HSS,Aluminum,191.91,726,1,OP009,219.2538908
93.32,0.379,0.72,0.12,HSS,Steel,597.02,1744,0,OP016,1477.361478
89.11,0.087,0.74,2.43,Carbide,Steel,580.94,1158,1,OP004,311.9123977
112.56,0.077,0.73,2.34,HSS,Brass,281.22,2311,0,OP016,456.037296
187.31,0.161,1.13,1.69,Carbide,Steel,178.43,974,1,OP019,777.9054725
228.65,0.122,0.97,0.29,Ceramic,Brass,507.89,2731,0,OP001,6268.810062
215.05,0.442,0.89,2.32,Ceramic,Steel,437.9,1577,0,OP006,186.6462202
119.98,0.149,0.65,1.79,HSS,Steel,421.56,995,1,OP010,292.4037344
288.72,0.489,1.06,2.37,Ceramic,Steel,539.07,1595,0,OP016,264.0739303
234.47,0.202,1.16,2.28,Ceramic,Aluminum,422.97,1522,1,OP004,590.5532395
188.59,0.132,1.06,2.43,Ceramic,Steel,191.76,1572,0,OP013,623.2242175
202.93,0.405,0.4,1.6,Ceramic,Aluminum,425.5,1964,1,OP016,125.2654321
154.9,0.346,0.91,0.51,Carbide,Aluminum,204.31,1803,0,OP020,798.8155956
111.93,0.274,0.44,2.05,Carbide,Steel,462.77,874,0,OP006,87.67883212
138.99,0.3,0.61,1.9,HSS,Brass,383.26,664,0,OP011,148.7436842
239.46,0.374,0.45,2.25,HSS,Brass,74.12,2324,1,OP003,128.0534759
53.6,0.153,0.88,0.59,HSS,Brass,322.32,1899,1,OP020,522.5213249
79.02,0.498,0.95,0.67,Ceramic,Steel,225.68,1398,1,OP010,224.9865132
61.5,0.489,0.49,2.68,Ceramic,Brass,217.29,2521,1,OP001,22.99468913
60.18,0.343,0.71,2.27,Carbide,Aluminum,373.29,1470,1,OP020,54.87702444
263.87,0.14,0.76,2.73,Carbide,Brass,213.73,2490,0,OP011,524.7022501
225.91,0.356,0.7,2.3,HSS,Steel,472.83,1264,0,OP012,193.1326331
168.54,0.082,0.5,1.83,Carbide,Brass,70.35,682,0,OP014,561.5753699
74.46,0.064,0.74,2,Carbide,Aluminum,406.42,2832,0,OP008,430.471875
172.9,0.166,1,2.68,Carbide,Steel,491.24,1486,0,OP011,388.6441288
168.37,0.258,0.46,1.78,Carbide,Brass,413.51,2482,1,OP004,168.6486369
93.3,0.441,0.46,1.93,Carbide,Steel,313.42,1198,0,OP007,50.42472948
158.46,0.377,0.68,0.55,HSS,Steel,571.67,2116,1,OP010,519.6662648
149.63,0.384,1.15,1.47,HSS,Steel,200.96,2683,0,OP019,304.8371953
203.96,0.241,0.93,2.18,Carbide,Brass,40.93,604,1,OP004,361.0392478
208.77,0.206,0.94,0.89,HSS,Steel,276.23,2577,1,OP002,1070.381804
61.33,0.217,0.69,0.69,Ceramic,Brass,48.82,1928,1,OP018,282.6267281
143.65,0.494,0.87,1.01,Carbide,Aluminum,573.74,2019,0,OP014,250.4820219
206.46,0.068,0.41,0.8,Ceramic,Brass,149.65,1808,0,OP016,1556.040441
175.78,0.44,0.91,0.72,HSS,Aluminum,479.69,2686,0,OP011,504.9236111
264.12,0.31,1.13,1.33,HSS,Brass,471.51,609,0,OP010,723.8796992
214.67,0.247,0.89,2.73,Ceramic,Steel,154.11,1153,1,OP017,283.3360027
90.73,0.376,1.1,1.57,HSS,Brass,384.1,2689,1,OP014,169.0659303
67.64,0.269,0.98,0.64,Carbide,Steel,57.41,2381,1,OP004,385.0325279
210.6,0.443,0.5,0.32,Ceramic,Aluminum,305.64,544,1,OP019,742.8047404
56.63,0.455,1.12,2.12,Carbide,Brass,38.35,1793,0,OP002,65.7532656
196.44,0.24,0.45,1.21,Ceramic,Steel,555.05,1824,1,OP007,304.4008264
285.06,0.175,0.83,2.48,HSS,Aluminum,586.37,1502,0,OP009,545.1608295
193.87,0.317,0.51,2.01,Ceramic,Aluminum,156.7,1243,1,OP019,155.1763266
147.04,0.461,0.41,2.41,Ceramic,Brass,148.62,2204,1,OP016,54.26269791
210.82,0.145,0.74,0.89,Carbide,Aluminum,459.62,1019,1,OP016,1208.886478
164.56,0.33,0.64,2.11,HSS,Steel,174.43,2497,0,OP018,151.2543444
186.4,0.334,0.79,0.87,Carbide,Aluminum,540.19,2508,0,OP011,506.7657788
285.37,0.38,0.86,2.82,HSS,Aluminum,357.14,1538,1,OP007,229.0203434
146.53,0.109,0.43,1.95,Carbide,Steel,229.94,1209,1,OP009,296.4380146
290.3,0.372,0.5,1.04,Ceramic,Aluminum,504.64,1210,1,OP004,375.1809347
276.34,0.459,0.85,0.88,Carbide,Aluminum,311.24,1706,0,OP013,581.523569
98.95,0.131,0.67,0.65,HSS,Aluminum,549.63,2299,0,OP004,778.5848503
67.34,0.157,0.98,2.11,HSS,Aluminum,558.97,1397,0,OP019,199.2127268
75.19,0.487,0.92,0.73,Ceramic,Steel,124.29,2025,1,OP002,194.5790554
54.56,0.131,1.08,1.83,HSS,Aluminum,31.32,1456,0,OP009,245.7965211
73.61,0.434,0.95,0.87,Carbide,Steel,590.84,1261,1,OP012,185.20446
220.75,0.272,0.74,2.02,Ceramic,Aluminum,546.5,562,0,OP002,297.3118084
67.8,0.161,0.94,2.46,HSS,Aluminum,61.6,510,1,OP006,160.9150129
129.74,0.442,0.62,2.36,HSS,Aluminum,504.83,1068,1,OP005,77.11365902
261.22,0.25,0.65,2.31,Carbide,Aluminum,290.95,1516,0,OP005,294.0138528
55.82,0.282,1.03,0.64,Carbide,Steel,177.61,2628,1,OP020,318.5649379
253.62,0.212,0.76,0.36,Ceramic,Steel,530.89,2496,1,OP005,2525.566038
120.46,0.317,1.04,2.13,HSS,Steel,142.1,1168,1,OP004,185.5399061
79.54,0.124,1.06,1.17,Carbide,Brass,569.96,1111,0,OP009,581.1441963
224.18,0.226,1.09,1.35,Ceramic,Aluminum,147.2,1068,1,OP010,800.905277
207.24,0.486,1.13,0.19,HSS,Aluminum,379.8,1348,0,OP016,2536.075374
269.37,0.166,0.74,0.85,HSS,Steel,157.16,1745,0,OP010,1412.71297
233.77,0.346,0.66,0.2,Ceramic,Brass,341.03,1597,1,OP010,2229.598266
250.87,0.196,0.87,2.65,Ceramic,Aluminum,419.87,1046,0,OP019,420.209665
120.51,0.398,0.7,0.81,Carbide,Steel,138.43,826,1,OP010,261.6694584
94.36,0.109,0.88,1.72,HSS,Aluminum,326.9,531,0,OP006,442.9101771
237.65,0.486,0.96,0.21,HSS,Aluminum,297.36,885,1,OP017,2235.390947
251.71,0.254,0.95,2.03,HSS,Steel,70.49,2263,0,OP005,463.7611031
297.63,0.156,0.7,1.04,Ceramic,Steel,496.44,1109,1,OP006,1284.153107
153.15,0.083,0.53,2.7,Carbide,Aluminum,221.34,1672,1,OP015,362.2021419
143,0.126,0.74,2.68,HSS,Aluminum,357.51,1978,1,OP019,313.3736081
244.1,0.284,0.51,1.04,Ceramic,Steel,323.43,2717,1,OP018,421.4890303
135.2,0.202,1.11,2.71,HSS,Aluminum,322.56,2722,0,OP004,274.1441672
282.69,0.423,0.68,2.99,Carbide,Aluminum,91.12,2364,0,OP008,151.987476
264.6,0.244,0.52,2.49,HSS,Steel,271.38,588,1,OP016,226.4665218
157.25,0.162,0.42,2.55,Carbide,Aluminum,287.85,1938,0,OP019,159.8765432
237.72,0.328,0.92,0.82,Carbide,Aluminum,448.18,2466,1,OP020,813.1409875
238.64,0.368,0.91,1.77,HSS,Brass,508.81,543,1,OP003,333.3984279
75.78,0.125,0.67,0.3,HSS,Steel,340.64,1874,0,OP010,1353.936
275.64,0.125,0.46,0.38,Carbide,Brass,79.47,2644,0,OP002,2669.355789
176.31,0.067,0.73,3,Ceramic,Brass,165,1685,1,OP004,640.3298507
256.61,0.381,0.65,1.05,Carbide,Brass,124.01,510,0,OP006,416.9391326
130.01,0.349,0.94,2.27,HSS,Aluminum,101.03,528,1,OP011,154.2600003
273.88,0.264,0.88,2.44,HSS,Aluminum,238.56,1542,0,OP014,374.1530055
147.3,0.43,0.69,2.59,Ceramic,Brass,160.75,888,0,OP016,91.26066266
52.71,0.413,0.57,2.99,Carbide,Brass,154.43,2161,0,OP019,24.33025339
276.35,0.313,1.19,0.8,Carbide,Brass,61.18,2272,0,OP002,1313.324681
72.82,0.441,0.76,0.22,Carbide,Aluminum,40.07,945,0,OP017,570.430839
129.83,0.143,0.95,1.29,HSS,Brass,88.58,2721,1,OP009,668.6100721
287.52,0.1,0.51,0.48,Carbide,Brass,128.15,1605,0,OP017,3054.9
287.65,0.171,0.79,0.17,Ceramic,Steel,275.66,857,0,OP015,7817.113863
193.36,0.076,0.42,1.15,HSS,Steel,321,2411,1,OP007,929.1899314
207.96,0.289,0.8,2.37,HSS,Aluminum,110.14,2475,1,OP019,242.8978144
162.11,0.471,1.17,1.74,Carbide,Steel,272.13,2098,1,OP003,231.433121
123.3,0.068,0.71,1.01,Ceramic,Steel,224.8,2634,0,OP001,1274.650553
132.17,0.105,0.43,2,HSS,Steel,134.55,2343,0,OP004,270.6338095
218.13,0.253,0.42,0.77,HSS,Aluminum,33.9,2706,1,OP018,470.2766798
238.09,0.47,0.71,0.14,Carbide,Steel,296.2,1585,1,OP008,2569.056231
247.89,0.192,0.53,2.32,Carbide,Aluminum,420.82,2369,1,OP019,294.9481412
247.4,0.278,0.42,1.91,Ceramic,Brass,158.98,2999,1,OP006,195.6909865
72.8,0.069,1,2.31,Carbide,Steel,105.13,2312,0,OP001,456.7413263
173.61,0.117,0.77,0.21,Ceramic,Aluminum,535.61,785,0,OP008,5440.769231
64.39,0.494,0.63,2.53,HSS,Steel,186.76,1796,0,OP001,32.45723384
187.38,0.484,1.12,1.9,Ceramic,Brass,157.46,1968,0,OP019,228.2140061
160.38,0.052,0.49,1.73,Ceramic,Aluminum,518.55,936,0,OP011,873.5682526
271.93,0.478,1.16,1.91,Ceramic,Aluminum,495.75,2907,1,OP015,345.5046113
137.73,0.338,0.65,2.61,HSS,Aluminum,285.56,939,0,OP011,101.4809903
79.27,0.441,1.11,1.8,Carbide,Brass,308.87,944,1,OP019,110.8461829
85.75,0.255,0.88,1.78,HSS,Brass,154.12,2788,1,OP010,166.2480723
240.38,0.282,1.06,2.97,Carbide,Brass,74.63,1663,1,OP012,304.227619
204.55,0.27,1.19,2.29,Ceramic,Aluminum,356.86,658,0,OP001,393.683487
75.28,0.35,0.63,1.38,Ceramic,Brass,86.06,1995,1,OP007,98.19130435
71.03,0.113,1.17,2.15,Ceramic,Steel,286.09,2005,0,OP017,342.0666804
225.24,0.063,0.71,1.23,Ceramic,Brass,566.08,661,1,OP010,2063.755323
68.19,0.189,0.71,0.76,Ceramic,Aluminum,573.12,2931,0,OP006,337.0572264
255.47,0.367,0.67,1.83,Carbide,Steel,166.42,1860,1,OP017,254.857581
226.56,0.141,0.83,2.79,Carbide,Brass,385.74,1899,0,OP018,478.011134
70.34,0.353,0.52,2.79,Ceramic,Steel,300.22,1800,1,OP005,37.13870866
71.21,0.486,0.84,1.09,HSS,Steel,529.14,2027,1,OP018,112.9165251
296.66,0.092,0.83,1.63,HSS,Aluminum,184.72,1161,1,OP017,1641.956522
143.57,0.353,1.01,0.71,Ceramic,Steel,32.11,1218,1,OP016,578.5648167
142.66,0.25,1.07,2.99,Carbide,Steel,122.66,1778,0,OP008,204.2089632
253.2,0.441,0.75,2.95,HSS,Aluminum,229.23,2517,0,OP013,145.9702525
286.81,0.13,0.64,1.98,HSS,Aluminum,209.96,625,0,OP016,713.1250971
296.5,0.362,0.61,2.43,HSS,Aluminum,481.08,2009,1,OP011,205.6078485
238.34,0.427,0.56,2.17,Ceramic,Steel,417.92,2517,1,OP006,144.0447231
144.06,0.475,0.45,1.82,HSS,Steel,200.75,892,1,OP003,74.98785425
70.88,0.357,0.67,0.25,HSS,Steel,290.91,538,1,OP001,532.0963585
244.29,0.274,0.62,1.42,HSS,Aluminum,84.47,1282,1,OP018,389.2767554
189.6,0.328,1.17,2.06,HSS,Brass,541.94,1970,1,OP005,328.3092588
156.06,0.441,0.85,2.06,Carbide,Steel,563.19,846,0,OP013,146.0174361
276.59,0.307,0.68,1.18,Ceramic,Brass,588.49,1565,0,OP010,519.1884282
77.8,0.064,0.86,2.83,Ceramic,Aluminum,525.08,1881,0,OP005,369.4125442
173.16,0.469,0.51,0.59,Carbide,Steel,129.16,1997,0,OP014,319.1485671
52.84,0.36,0.76,1.55,Carbide,Brass,56.33,1186,0,OP017,71.96845878
167.17,0.354,0.9,2.1,Ceramic,Steel,360.37,1500,0,OP001,202.3849879
64.08,0.147,0.79,2.12,HSS,Steel,550.18,2446,0,OP002,162.4412784
79.7,0.346,0.72,1.98,HSS,Steel,131.09,2853,0,OP007,83.76248029
79.38,0.227,1.2,0.9,Ceramic,Brass,34.01,2655,1,OP010,466.2555066
212.3,0.343,1.1,0.55,HSS,Aluminum,489.13,1911,1,OP020,1237.900875
236.51,0.098,0.9,1.94,Carbide,Steel,73.77,1526,1,OP007,1119.603408
195.84,0.346,0.86,1.84,HSS,Aluminum,265.81,1332,1,OP016,264.5488816
290.54,0.5,0.9,0.62,HSS,Aluminum,416.97,812,1,OP005,843.5032258
143.72,0.072,0.56,2.14,HSS,Brass,164.97,766,1,OP012,522.3468328
121.43,0.49,0.72,1.42,Ceramic,Brass,77.86,2221,1,OP017,125.6533487
267.15,0.233,0.43,2.04,Carbide,Aluminum,468.91,1149,0,OP016,241.6782378
105.9,0.442,0.78,2.53,HSS,Steel,389.2,1137,0,OP020,73.86654266
290.81,0.402,0.83,0.59,Ceramic,Brass,593.44,2995,1,OP016,1017.675605
53.04,0.305,0.58,0.16,HSS,Steel,226.26,970,0,OP019,630.3934426
292.47,0.382,1.17,2.36,Carbide,Steel,65.2,870,0,OP015,379.5699485
60.79,0.445,1.13,1.87,HSS,Steel,448.58,747,0,OP012,82.54845881
272.79,0.232,0.98,2.13,Carbide,Aluminum,327.39,1950,0,OP010,540.9871297
181.93,0.197,0.83,2.53,HSS,Steel,151.53,2070,0,OP002,302.9672358
298.24,0.35,1.1,2.43,Carbide,Aluminum,475.59,1413,1,OP007,385.7307466
68.45,0.414,0.5,2.89,HSS,Aluminum,146.14,1839,0,OP013,28.60521873
188.46,0.393,1.03,1.65,Carbide,Steel,178.58,2471,1,OP003,299.3504511
292.33,0.409,0.5,1.52,HSS,Steel,82.74,2545,1,OP015,235.1129198
180.77,0.246,1.04,1.27,HSS,Steel,257.68,2895,1,OP001,601.7566097
207.35,0.418,0.62,0.55,Ceramic,Steel,268.79,2561,0,OP003,559.1866029
223.94,0.104,1.1,1.76,Ceramic,Aluminum,323.3,1912,1,OP010,1345.793269
163.64,0.295,1.16,0.9,Carbide,Steel,434.11,949,1,OP015,714.9619586
206.89,0.053,0.52,2.77,HSS,Steel,546.48,749,1,OP006,732.8029426
196.08,0.196,0.77,1.79,Carbide,Aluminum,108.51,636,1,OP020,430.3431764
275.29,0.215,1.18,1.82,Ceramic,Brass,60.98,2166,0,OP015,830.1615129
61.36,0.228,0.79,1.13,Carbide,Brass,40.56,2519,1,OP007,188.1478031
120.24,0.363,1.09,0.25,Carbide,Aluminum,111.86,1772,1,OP005,1444.204959
287.6,0.225,0.87,0.19,Ceramic,Brass,405.03,637,1,OP004,5852.912281
272.57,0.252,0.7,1.33,HSS,Aluminum,444.66,1839,1,OP018,569.2773601
163.91,0.157,0.63,0.35,Carbide,Steel,478.31,2839,0,OP003,1879.22293
205.03,0.218,0.56,1.86,Ceramic,Steel,168.91,1994,1,OP017,283.1626714
119.35,0.152,1.01,2.65,HSS,Brass,204.36,2524,1,OP018,299.2639027
97.03,0.083,0.71,2.66,Ceramic,Steel,305.39,2500,1,OP018,312.0359634
165.92,0.322,0.81,2.01,Carbide,Brass,66.01,2830,1,OP002,207.649949
138.34,0.351,0.79,0.71,HSS,Brass,378.35,2426,1,OP013,438.540187
195.91,0.329,0.86,2.6,HSS,Steel,590.73,2369,1,OP015,196.9635258
69.43,0.259,1.09,2.67,Ceramic,Steel,235.66,1085,0,OP005,109.4366116
293.6,0.221,1.18,0.67,Ceramic,Brass,459.12,650,1,OP003,2339.758222
296.55,0.439,0.73,2.24,Ceramic,Steel,315.02,1794,0,OP005,220.1447079
224.54,0.284,1.06,0.93,HSS,Aluminum,102.85,811,0,OP005,901.1525064
184.02,0.266,1.01,2.43,HSS,Steel,361.88,2905,1,OP005,287.5401467
127.38,0.062,0.86,2.99,Carbide,Steel,200.93,1225,0,OP003,590.9310605
253.45,0.204,1.16,0.19,HSS,Aluminum,49.61,2632,1,OP003,7585.190918
221.18,0.221,0.56,2.7,Carbide,Steel,391.91,1469,0,OP020,207.5763365
90.65,0.229,0.49,1.91,Ceramic,Steel,519.59,1308,1,OP018,101.5535335
277.73,0.311,1.08,2.92,Ceramic,Brass,226.52,2838,0,OP020,330.2959961
255.63,0.29,0.75,1.45,HSS,Steel,252.47,1408,0,OP004,455.9393579
287.45,0.324,1.08,2.56,Ceramic,Steel,537.88,1476,1,OP001,374.2838542
231.43,0.394,1.11,0.28,Ceramic,Aluminum,493.76,765,0,OP016,2328.565083
203.35,0.416,0.45,1.07,HSS,Brass,437.52,2176,0,OP008,205.5793943
154.56,0.373,1.11,0.29,Carbide,Brass,171.81,1222,0,OP017,1586.036794
283.18,0.48,0.76,2.93,HSS,Brass,548.82,1964,0,OP008,153.0267349
266.52,0.058,0.81,2.47,Carbide,Steel,118.02,1978,0,OP007,1506.918889
61.3,0.138,0.9,2.57,HSS,Brass,387.26,2298,1,OP008,155.5574353
56.59,0.053,1.14,2.82,HSS,Aluminum,46.42,2363,0,OP012,431.6378964
144.12,0.341,0.42,0.35,Ceramic,Brass,396.92,1786,0,OP016,507.1671554
252.64,0.454,0.78,1.22,HSS,Aluminum,187.97,1327,1,OP012,355.7795912
296.82,0.16,0.95,0.31,HSS,Brass,286.32,2594,1,OP019,5685.060484
87.6,0.467,0.98,0.71,Carbide,Brass,226.8,1275,1,OP010,258.9136532
198.53,0.077,0.95,0.77,Ceramic,Aluminum,128.47,1769,0,OP007,3181.033901
145.22,0.47,0.51,1.46,Carbide,Brass,384.53,1503,0,OP012,107.9309239
292.48,0.208,0.64,0.88,Carbide,Brass,532.73,2638,0,OP020,1022.657343
260.53,0.096,0.69,0.39,Ceramic,Brass,576.68,1580,0,OP005,4801.434295
259.58,0.269,1.04,0.59,Ceramic,Steel,139.64,1465,1,OP016,1700.984185
167.17,0.166,0.62,0.53,Ceramic,Aluminum,438.9,2225,1,OP009,1178.056376
153.7,0.178,0.57,2.92,HSS,Brass,408.67,2006,0,OP007,168.5566415
118.35,0.188,1.17,2.3,Ceramic,Aluminum,225.73,768,0,OP020,320.2347364
64.09,0.411,0.41,2.91,Ceramic,Aluminum,40.89,1770,0,OP014,21.97046847
266.18,0.293,1.2,1.38,Ceramic,Aluminum,423.18,2339,0,OP011,789.9688381
253.23,0.19,0.94,0.91,Carbide,Brass,568.93,2980,1,OP007,1376.727588
299.93,0.325,1.06,2.42,Carbide,Brass,390.31,2073,1,OP010,404.2286078
299.16,0.372,0.64,1.05,HSS,Aluminum,278.12,1426,0,OP009,490.1751152
188.86,0.173,0.41,0.97,Carbide,Steel,329.34,1065,1,OP004,461.4301889
242.25,0.236,0.99,0.77,HSS,Aluminum,143.79,2682,0,OP016,1319.763923
286.19,0.105,1.07,0.48,Carbide,Steel,457.81,2536,0,OP010,6075.859127
262.41,0.132,0.99,0.84,Ceramic,Aluminum,455.46,1085,1,OP019,2342.946429
111.84,0.357,0.51,1.13,Carbide,Aluminum,112.94,1002,0,OP017,141.3906448
162.64,0.132,1,2.05,HSS,Aluminum,530.45,2288,1,OP009,601.0347376
82.29,0.286,1.02,0.28,Carbide,Brass,183.44,1287,0,OP013,1048.149351
288.51,0.369,0.93,0.71,Ceramic,Steel,589.89,1266,1,OP001,1024.139471
201.54,0.098,1.01,2.45,HSS,Steel,248.25,881,0,OP002,847.7942524
107.16,0.305,1.08,0.53,Ceramic,Aluminum,131.39,1160,1,OP013,715.9467986
217.93,0.165,0.89,1.09,Ceramic,Brass,230.48,1569,0,OP009,1078.441479
204.53,0.483,0.47,2.61,HSS,Brass,280.9,2332,0,OP007,76.2548091
139.54,0.268,0.79,0.55,Ceramic,Steel,69.51,1341,1,OP016,747.8738128
78.39,0.413,0.46,0.34,Ceramic,Brass,359.58,1322,0,OP019,256.7967526
217.89,0.298,0.73,1.51,Carbide,Steel,370.65,1212,1,OP007,353.4817103
180.08,0.07,0.73,0.98,Ceramic,Steel,451.19,1696,1,OP006,1916.303207
243.08,0.335,0.45,1.73,Ceramic,Steel,46.63,952,0,OP018,188.7429903
180.04,0.478,0.68,2.43,Ceramic,Brass,338.51,1714,0,OP019,105.4007611
263.05,0.321,0.49,0.5,Ceramic,Steel,60.16,2260,0,OP011,803.0809969
187.98,0.419,1.05,1.78,HSS,Steel,429.65,574,0,OP012,264.6469658
190.23,0.448,1.16,1.57,Carbide,Aluminum,61.76,524,1,OP010,313.7323703
269.16,0.153,0.46,0.52,Ceramic,Steel,549.68,688,0,OP013,1556.229261
150.87,0.145,1.16,1.91,Ceramic,Steel,430.19,1839,0,OP012,631.9162304
83.5,0.325,0.82,0.89,HSS,Aluminum,319.21,2636,0,OP010,236.7156439
57.2,0.235,0.64,1.51,Ceramic,Aluminum,281.66,512,1,OP020,103.1647175
238.78,0.428,0.46,0.34,HSS,Brass,104.48,2842,0,OP018,754.8020891
205.08,0.455,0.8,1.43,Carbide,Steel,195.87,766,1,OP004,252.1539998
226.02,0.209,1.04,0.99,Carbide,Brass,525.31,2605,0,OP005,1136.053357
103.24,0.157,0.97,2.48,Ceramic,Brass,545.54,1707,1,OP005,257.1984796
84.09,0.401,0.44,0.27,Ceramic,Aluminum,30.43,2148,0,OP012,341.7345525
53.64,0.174,0.46,1.31,Ceramic,Brass,368.66,1777,0,OP003,108.2495394
137.65,0.42,0.72,1.43,HSS,Steel,440,1693,1,OP008,165.014985
197.48,0.241,0.64,2.2,Ceramic,Aluminum,382.69,2587,0,OP002,238.3764617
148.06,0.35,0.59,1.77,Ceramic,Steel,76.56,2390,0,OP018,141.0095238
159.37,0.093,0.62,2.03,Carbide,Steel,154.1,1709,0,OP009,523.3825944
276.04,0.331,1.04,2.35,Ceramic,Aluminum,172.69,779,1,OP013,369.0706434
137.06,0.253,1.14,2.6,Carbide,Steel,504.08,789,0,OP007,237.5317726
178.5,0.314,0.72,1.01,Ceramic,Aluminum,294.02,2504,1,OP010,405.2468941
245.91,0.126,1.12,1.66,Carbide,Steel,307.49,1823,1,OP009,1316.787149
149.14,0.382,0.66,2.54,Ceramic,Aluminum,562.89,1704,1,OP015,101.4474172
205.52,0.438,0.78,2.97,Carbide,Brass,393.14,2201,0,OP005,123.2304783
265.59,0.148,0.58,2.68,HSS,Steel,542.24,2647,1,OP012,388.3677894
287.38,0.093,0.91,1.18,Carbide,Aluminum,290.21,2072,1,OP001,2383.049025
86.77,0.061,1.18,0.67,Carbide,Steel,115.18,2407,0,OP012,2505.226327
281.65,0.339,0.88,1.52,Carbide,Steel,560.06,2413,1,OP006,481.0045024
173.03,0.323,0.69,2.25,Ceramic,Steel,291.46,1391,1,OP019,164.280289
114.56,0.296,0.92,1.53,Ceramic,Aluminum,133.53,1185,0,OP019,232.7221339
164.78,0.154,0.5,1.5,Ceramic,Brass,202.37,2503,0,OP016,356.6666667
295.01,0.226,1.11,2.53,HSS,Brass,58.96,1443,1,OP019,572.7047116
173.15,0.318,0.8,1.15,HSS,Brass,296.93,2758,0,OP003,378.7804211
132.19,0.274,0.76,2.59,Carbide,Aluminum,516.28,674,0,OP010,141.5669476
208.35,0.495,0.87,1.28,HSS,Brass,562.14,646,0,OP018,286.0866477
110.04,0.111,0.9,1.05,Carbide,Aluminum,561.58,2818,1,OP013,849.7297297
68.97,0.363,0.46,1.42,Carbide,Steel,101.38,2121,1,OP018,61.54929577
82.22,0.232,0.95,2.31,Carbide,Steel,247.77,1449,0,OP003,145.7474996
82.01,0.243,0.59,0.47,HSS,Brass,46.09,2388,1,OP003,423.657298
87.98,0.373,0.97,0.67,Ceramic,Aluminum,517.44,2181,0,OP012,341.4853347
84.71,0.362,1.06,2.86,HSS,Steel,234.49,1828,0,OP020,86.7293204
210.22,0.496,1.04,0.61,Carbide,Aluminum,389.74,747,0,OP007,722.5965098
95.47,0.108,0.84,1.75,Carbide,Aluminum,437.49,2530,0,OP008,424.3111111
136.42,0.097,0.82,1.78,HSS,Steel,275.01,2665,0,OP009,647.8883355
274.2,0.376,0.51,1.52,Carbide,Aluminum,204.67,930,1,OP014,244.6843505
168.49,0.31,1.02,1.97,Carbide,Steel,578.46,2626,1,OP005,281.4144424
216.89,0.173,0.62,0.77,HSS,Steel,579.76,2695,1,OP019,1009.472262
93.08,0.086,0.8,1.7,HSS,Steel,194.98,1874,1,OP016,509.3296854
98.07,0.089,0.63,1.18,HSS,Aluminum,303.39,2140,0,OP012,588.3079413
60.22,0.452,0.51,2.02,Carbide,Steel,584.52,1456,0,OP004,33.63729957
92.23,0.136,0.9,0.51,Carbide,Aluminum,32.77,1204,1,OP008,1196.756055
119.65,0.196,0.44,1.76,Ceramic,Steel,265.23,2305,1,OP007,152.6147959
94.25,0.152,1,0.64,Ceramic,Steel,87.26,2655,0,OP015,968.8527961
72.18,0.21,0.65,0.91,HSS,Brass,320.22,2135,0,OP006,245.5102041
80.16,0.081,0.4,0.73,Ceramic,Brass,44.06,1779,0,OP005,542.2628108
165.19,0.284,0.81,0.63,Carbide,Brass,261.93,897,1,OP014,747.8420523
101.58,0.08,0.44,2.49,Ceramic,Aluminum,155.8,634,0,OP013,224.373494
141.07,0.41,0.62,0.93,Carbide,Aluminum,333.99,1614,0,OP010,229.3821138
175.85,0.155,0.97,2.79,HSS,Steel,597.72,623,1,OP018,394.4375072
222.6,0.293,0.45,2.91,HSS,Steel,486.31,1923,1,OP004,117.4835509
59.83,0.446,1.07,1.76,Carbide,Steel,512.02,1457,1,OP008,81.55587546
249.85,0.343,0.4,0.51,Ceramic,Steel,392.1,2393,0,OP011,571.31424
206.98,0.29,0.6,1.19,HSS,Aluminum,53.69,1264,0,OP017,359.8609099
70.44,0.196,0.99,2.41,HSS,Steel,147.87,1982,1,OP018,147.6323143
268.39,0.2,0.65,1.17,Ceramic,Steel,557.29,1844,0,OP011,745.5277778
280.22,0.351,0.48,0.35,Ceramic,Brass,238.68,512,0,OP016,1094.876679
65.27,0.497,0.69,1.71,Carbide,Steel,89.07,681,0,OP012,52.99198701
119.22,0.348,0.62,2.55,Ceramic,Steel,430.37,1226,1,OP013,83.29546991
251.55,0.301,1.07,2.41,Ceramic,Steel,200.69,2706,1,OP016,371.0432721
237.06,0.379,0.65,0.61,Ceramic,Aluminum,183.25,868,0,OP001,666.5037415
96.13,0.259,1.03,2.05,Carbide,Brass,598.85,2277,0,OP016,186.4844147
102.34,0.077,1.11,0.74,Carbide,Steel,519.14,2933,0,OP015,1993.636364
142.62,0.303,0.75,0.73,HSS,Steel,262.52,2476,0,OP006,483.5887698
171.13,0.481,1.13,2.63,Carbide,Brass,588.75,1107,1,OP012,152.8634894
204.56,0.129,0.7,0.82,HSS,Steel,400.56,2771,1,OP008,1353.677444
142.23,0.361,1.17,0.86,Ceramic,Aluminum,452.95,733,0,OP007,536.0081814
165.63,0.14,0.47,0.1,HSS,Steel,47.96,1670,0,OP002,5560.435714
236.87,0.291,0.95,2.62,HSS,Aluminum,99.31,2719,1,OP012,295.1476876
59.17,0.094,0.8,2.4,Ceramic,Aluminum,390.86,2103,0,OP014,209.822695
113.11,0.253,0.71,1.92,HSS,Steel,542.44,1534,1,OP016,165.3246459
228.34,0.39,0.91,2.28,Carbide,Brass,385.53,1232,0,OP011,233.6812865
273.8,0.206,0.96,0.54,Carbide,Aluminum,106.39,1438,1,OP020,2362.891046
177.92,0.349,0.4,1.43,Carbide,Brass,95.98,1772,0,OP009,142.6012383
183.03,0.408,0.53,1.12,Carbide,Steel,511.19,1298,0,OP010,212.2853204
76.79,0.467,0.97,0.37,HSS,Aluminum,109.4,2922,1,OP017,431.0799236
161.85,0.156,0.93,1.51,HSS,Steel,326.53,2833,1,OP012,638.9900662
183.15,0.23,1.17,2.77,Ceramic,Brass,51.15,2677,0,OP006,336.3451577
110.62,0.119,1.01,0.22,HSS,Steel,75.98,1555,0,OP019,4267.616501
117.31,0.497,1.16,0.95,HSS,Steel,413.24,2228,1,OP011,288.2126443
144.32,0.467,0.96,0.7,HSS,Aluminum,422.83,2757,1,OP009,423.8213521
55.02,0.293,0.64,0.79,Ceramic,Steel,224.64,2626,0,OP006,152.1268415
130.52,0.429,0.48,2.73,Carbide,Steel,152.9,1536,0,OP016,53.49317349
102.86,0.284,1.03,1.46,HSS,Steel,493.81,781,1,OP020,255.5127339
131.87,0.331,0.92,1.45,Ceramic,Aluminum,153.75,689,1,OP016,252.7771643
79.94,0.09,0.44,2.31,Ceramic,Brass,338.96,1943,1,OP006,169.1851852
272.63,0.39,0.69,0.55,Ceramic,Brass,581.88,2107,1,OP005,876.9916084
198.4,0.107,1.17,1.51,Carbide,Steel,114.28,2625,1,OP004,1436.702358
219.78,0.422,0.8,1.35,HSS,Aluminum,566.3,1231,0,OP002,308.6255924
247.29,0.402,0.75,1.83,Ceramic,Steel,134.25,919,0,OP006,252.1103499
174.61,0.369,0.77,3,Carbide,Brass,353.44,1448,1,OP009,121.4541102
71.73,0.066,0.57,2.33,Ceramic,Aluminum,244.89,1384,0,OP017,265.8739758
184.28,0.186,0.69,1.25,Ceramic,Brass,580.01,831,0,OP014,546.8954839
196.71,0.168,0.7,2.5,Ceramic,Brass,185.92,2181,1,OP007,327.85
236.36,0.212,0.44,0.6,Ceramic,Aluminum,257.81,1772,0,OP019,817.5974843
157.91,0.089,1.01,0.19,Ceramic,Aluminum,590.23,2303,0,OP001,9431.643998
81.9,0.472,0.73,0.69,Carbide,Steel,335.79,1382,0,OP020,183.5759027
120.94,0.299,1.06,1.09,HSS,Steel,316.5,1314,1,OP015,393.3490841
140.77,0.187,1.08,1.58,HSS,Brass,176.93,1681,1,OP018,514.5589928
211.48,0.229,0.57,1.88,HSS,Aluminum,429.78,2694,0,OP003,279.9953545
192.69,0.251,0.93,2.74,HSS,Aluminum,38.19,601,0,OP018,260.5660569
139.02,0.32,0.78,1.58,Carbide,Steel,58.22,2512,0,OP002,214.4691456
296.63,0.282,1.1,1.55,Carbide,Brass,371.63,1422,0,OP010,746.4950812
201.44,0.464,0.57,0.25,Carbide,Brass,224.75,2637,0,OP011,989.8344828
109.31,0.274,0.94,0.2,Ceramic,Steel,573.39,2506,0,OP003,1875.025547
75.45,0.496,0.89,1.7,Ceramic,Aluminum,544.82,1372,1,OP007,79.63768975
88.21,0.433,0.64,1.37,Ceramic,Steel,436.81,2235,0,OP008,95.16764721
111.49,0.144,0.51,2.53,HSS,Steel,496.34,899,0,OP019,156.0713109
90.17,0.469,0.92,0.57,Ceramic,Steel,410.38,2741,1,OP018,310.3145925
96.64,0.102,0.99,0.17,HSS,Steel,101.58,1511,0,OP013,5517.508651
121.27,0.418,0.65,1.4,Ceramic,Aluminum,466.36,1639,0,OP013,134.6983937
93.34,0.221,0.92,0.79,HSS,Steel,149.81,2264,0,OP019,491.8540581
274.19,0.445,0.72,0.24,Ceramic,Aluminum,214.36,2552,0,OP012,1848.47191
70.06,0.441,0.97,2.2,Ceramic,Steel,496.96,1091,1,OP017,70.04555762
181.13,0.413,0.56,0.42,Carbide,Brass,335.82,2153,0,OP012,584.7619048
152.6,0.406,1.11,1.86,Ceramic,Aluminum,520.17,1480,1,OP013,224.3047831
295.59,0.187,0.63,0.92,Ceramic,Brass,151.43,1422,0,OP012,1082.432574
78.01,0.086,0.69,0.6,Carbide,Steel,376.43,2225,0,OP019,1043.156977
149.46,0.231,0.45,1.2,HSS,Steel,77.76,1468,1,OP014,242.6298701
292.37,0.128,0.49,2.42,Carbide,Steel,396.54,1365,0,OP007,462.4912836
266.38,0.363,0.81,1.24,Carbide,Aluminum,464.64,2590,1,OP013,479.3561717
254.27,0.206,0.61,2.28,HSS,Brass,363.41,753,1,OP006,330.2348407
114.48,0.489,1.07,0.46,Ceramic,Aluminum,181.75,2190,1,OP019,544.5612163
92.72,0.338,0.41,2.34,HSS,Aluminum,47.87,1122,0,OP019,48.06453244
217.16,0.42,0.7,0.79,Ceramic,Steel,98.09,539,0,OP004,458.1434599
282.34,0.11,0.67,2.06,Ceramic,Brass,384.71,917,0,OP019,834.8093557
189.19,0.438,0.42,1.74,HSS,Steel,562.62,2017,0,OP009,104.2615336
192.9,0.465,0.5,2.79,Carbide,Aluminum,147.72,2273,1,OP016,74.34385478
119.99,0.269,0.73,1.22,HSS,Steel,448.96,553,0,OP004,266.9044427
242.37,0.323,0.79,0.29,Ceramic,Brass,523.88,591,0,OP006,2044.115512
96.76,0.394,0.72,0.16,HSS,Steel,326.9,2756,1,OP008,1105.126904
130.92,0.129,0.82,2.5,HSS,Brass,411.48,683,1,OP016,332.8818605
156.36,0.276,0.88,1.62,Ceramic,Brass,494.56,2735,0,OP005,307.740204
176.9,0.229,0.41,2.35,Carbide,Steel,178.58,1070,1,OP010,134.7746911
110.6,0.116,0.77,0.78,HSS,Aluminum,199.23,2350,1,OP013,941.22458
78.71,0.215,1.17,1.1,Ceramic,Steel,30.36,1274,1,OP014,389.389852
202.66,0.081,0.82,0.19,Ceramic,Aluminum,578.96,2647,1,OP007,10797.9987
122.16,0.062,0.94,2.89,HSS,Aluminum,553,2251,1,OP020,640.8661681
195.31,0.111,0.65,2.04,Carbide,Steel,465.8,1505,0,OP006,560.6407878
88.59,0.483,1.02,2.81,HSS,Aluminum,75.07,691,0,OP007,66.57810393
170.29,0.297,1.02,0.87,Carbide,Aluminum,285.08,2332,0,OP005,672.2233833
183.15,0.485,0.82,1.87,Carbide,Steel,88.08,2042,0,OP018,165.5912674
62.96,0.245,1.18,2.07,Carbide,Steel,39.07,507,0,OP012,146.4907818
134.15,0.19,0.5,1.02,Carbide,Steel,381.22,524,0,OP006,346.1042312
83.6,0.278,0.41,2.56,HSS,Aluminum,577.67,2522,0,OP001,48.16209532
65.84,0.248,1.02,2.85,Ceramic,Brass,544.63,1148,1,OP004,95.01528014
297.49,0.098,1.05,2.67,Ceramic,Aluminum,427.15,2090,0,OP019,1193.780096
130.59,0.338,0.5,2.24,Ceramic,Brass,85.09,1636,0,OP012,86.24128276
252.47,0.147,0.61,0.9,Ceramic,Steel,186.27,2659,0,OP015,1164.071807
113.66,0.329,0.41,0.92,Ceramic,Brass,212.43,2792,1,OP003,153.9599577
220.38,0.343,0.63,2.89,Ceramic,Steel,465,2992,0,OP020,140.0621425
240.06,0.118,1.02,0.13,HSS,Steel,487.28,884,0,OP008,15962.26858
198.91,0.078,0.81,2.18,Carbide,Brass,249.51,2657,1,OP011,947.5247001
167.89,0.401,0.68,2.15,Ceramic,Steel,268.19,1165,0,OP016,132.4191846
152.96,0.257,0.7,1.91,HSS,Brass,55.37,1977,0,OP009,218.126999
137.22,0.076,0.4,2.97,Ceramic,Steel,194.81,1764,1,OP003,243.1685274
282.38,0.498,0.64,1,Ceramic,Aluminum,287.23,545,0,OP005,362.897992
257.65,0.076,0.92,1.09,Carbide,Aluminum,96.68,2832,1,OP020,2861.395461
291.26,0.363,1.18,0.33,Carbide,Steel,288.36,696,0,OP014,2869.077552
81.07,0.493,1.08,1.38,Carbide,Steel,516.31,2221,0,OP015,128.6938883
232.72,0.158,0.42,0.86,Ceramic,Brass,361.35,2463,0,OP006,719.3288195
284.59,0.114,1.12,1.1,Ceramic,Aluminum,74.99,2488,1,OP004,2541.792663
95.31,0.105,1.03,2.52,Ceramic,Brass,139.25,839,1,OP008,371.0102041
66.62,0.186,1.02,2.81,Carbide,Steel,300.49,1619,1,OP019,130.0126277
235.28,0.095,0.77,0.64,HSS,Steel,236.05,2574,0,OP005,2979.697368
193.62,0.361,0.72,1.18,Ceramic,Brass,234.47,1257,0,OP013,327.2604348
260.46,0.078,0.64,2.79,Ceramic,Steel,331.68,1669,1,OP016,765.9884202
84.94,0.279,0.45,0.28,Ceramic,Aluminum,363.11,1182,1,OP001,489.2857143
248.82,0.499,0.58,0.37,HSS,Brass,484.21,1659,0,OP013,781.6476196
100.41,0.416,0.6,0.57,Ceramic,Aluminum,224.35,2720,0,OP011,254.0738866
90.91,0.327,0.79,1.83,HSS,Aluminum,489.12,1638,0,OP008,120.0162096
91.07,0.188,1,0.54,Ceramic,Aluminum,223.01,1890,0,OP008,897.0646178
253.64,0.331,0.78,2.91,HSS,Brass,61.6,1510,1,OP014,205.3957081
216.3,0.287,0.45,1.4,Ceramic,Steel,345.89,1650,0,OP013,242.2473868
180.77,0.242,1.17,1.55,Carbide,Aluminum,365.1,538,0,OP003,563.8520395
139.71,0.109,1.15,0.82,Carbide,Aluminum,562.69,1209,0,OP004,1797.56657
269.3,0.449,1.03,1.47,Carbide,Aluminum,443.85,1591,0,OP020,420.2521098
148.11,0.252,1.19,2.02,Carbide,Steel,553.13,2084,0,OP015,346.2417492
254.15,0.138,0.84,2.28,Ceramic,Steel,547.76,1625,0,OP015,678.5087719
159.78,0.215,1.17,2.29,Carbide,Brass,374.61,1345,0,OP013,379.6945263
144.24,0.236,0.46,1.78,HSS,Steel,330.82,1470,1,OP009,157.9470577
165.67,0.422,0.69,2.72,Carbide,Brass,347.74,1106,1,OP010,99.58905422
125.34,0.38,0.58,2.47,Carbide,Brass,587.65,2811,1,OP012,77.45280205
236.9,0.396,0.56,2.3,Carbide,Brass,470.71,1804,0,OP014,145.6565657
175.68,0.055,0.51,0.26,Ceramic,Brass,90.57,534,1,OP001,6265.51049
108.05,0.237,0.9,0.12,Carbide,Brass,473.7,549,0,OP014,3419.303797
274.89,0.267,1.03,0.72,HSS,Aluminum,127.21,2932,0,OP014,1472.829276
145.97,0.059,0.86,2.02,Carbide,Steel,284.99,1054,0,OP008,1053.315993
185.89,0.167,0.52,1.29,Carbide,Aluminum,149.96,2514,0,OP016,448.6970246
276.62,0.392,1.05,1.27,Carbide,Brass,423.06,646,1,OP014,583.4223847
206.06,0.112,0.91,2.67,HSS,Steel,530.07,2803,0,OP001,627.0552434
79.22,0.291,0.71,2.7,Carbide,Aluminum,195.51,2686,0,OP016,71.58737432
284.96,0.147,0.94,2.74,HSS,Aluminum,76.75,1928,1,OP018,665.0340136
206.93,0.055,0.61,1.01,HSS,Brass,200.14,522,1,OP007,2272.318632
133.73,0.159,0.68,2.1,Carbide,Aluminum,413.25,1145,1,OP015,272.3462114
84.82,0.489,1.13,0.89,HSS,Aluminum,217.39,1517,0,OP017,220.2306932
248.51,0.411,0.63,0.65,Ceramic,Aluminum,188.52,1650,1,OP019,586.0426727
205.02,0.482,0.78,0.64,Carbide,Aluminum,135.13,1244,0,OP013,518.3985996
183.37,0.27,1.11,1.09,Carbide,Aluminum,313.58,582,0,OP009,691.6095821
273.47,0.099,0.97,1.35,HSS,Brass,187.29,1975,1,OP015,1984.780397
247.15,0.297,0.45,2.51,HSS,Brass,446.68,1810,1,OP003,149.1911143
87.92,0.254,0.52,0.45,Carbide,Aluminum,73.67,1208,1,OP001,399.9860017
127.93,0.43,0.41,2.23,Ceramic,Brass,408.5,595,0,OP016,54.69944728
112.12,0.094,0.9,1.64,HSS,Brass,165.41,2986,0,OP008,654.566684
235.99,0.27,0.76,0.94,HSS,Steel,308.89,1705,0,OP013,706.6682427
58.38,0.118,0.51,1.53,Ceramic,Aluminum,193.07,2390,0,OP008,164.9152542
192.47,0.196,1.17,0.97,Ceramic,Brass,441.98,1631,0,OP017,1184.461919
240.61,0.382,0.82,1.83,Carbide,Brass,568.83,608,0,OP014,282.2364318
269.19,0.264,0.59,1.36,Ceramic,Aluminum,552.73,1274,1,OP007,442.3521056
135.52,0.219,0.8,0.58,Carbide,Steel,362.55,1300,0,OP015,853.5348764
255.31,0.228,0.94,0.44,Ceramic,Aluminum,293.69,2596,1,OP016,2392.258772
77.66,0.257,0.46,1.69,HSS,Steel,496.43,2136,1,OP019,82.24990215
261.61,0.403,0.62,2.72,Carbide,Aluminum,419.5,1189,1,OP006,147.969457
81.87,0.451,1.05,1.1,Carbide,Aluminum,134.63,2919,1,OP001,173.2785729
149.32,0.48,0.77,2.23,Carbide,Aluminum,497.92,1304,1,OP012,107.4144245
249.32,0.404,0.84,2.01,Ceramic,Aluminum,274.46,2996,0,OP018,257.9045367
87.48,0.192,0.75,2.8,HSS,Steel,137.72,2990,0,OP016,122.0424107
107.31,0.36,0.44,2.48,Carbide,Steel,190.62,978,0,OP012,52.88575269
230.56,0.247,0.53,1.74,Carbide,Brass,182.49,1282,0,OP020,284.3240728
230.01,0.165,0.76,2.01,Carbide,Aluminum,325.95,1715,1,OP013,527.0845771
210.29,0.428,0.57,2.71,Carbide,Steel,163.59,2160,1,OP008,103.3428458
223.49,0.067,0.44,1.26,HSS,Steel,100.43,1820,1,OP001,1164.837716
185.68,0.456,1.07,1.05,Ceramic,Steel,100.5,2924,0,OP007,414.9490393
112.95,0.258,1.18,0.13,HSS,Aluminum,362.47,2310,0,OP015,3973.792487
136.42,0.337,1.03,2.5,Carbide,Brass,448.81,1030,0,OP013,166.7805341
95.4,0.347,1.08,2.42,HSS,Steel,213.27,763,0,OP013,122.6951199
277.11,0.453,0.59,0.4,Carbide,Aluminum,49.75,2221,1,OP009,902.2897351
195.85,0.337,1.17,1.77,Ceramic,Steel,102.52,896,1,OP015,384.1548056
150.21,0.326,0.56,1.45,Ceramic,Steel,551.38,2469,0,OP004,177.9513433
165.5,0.08,1.16,0.44,Ceramic,Brass,311.32,1278,0,OP013,5453.977273
286.82,0.283,1.2,2.94,Carbide,Steel,288.54,1317,1,OP012,413.6727483
88.34,0.118,0.97,0.72,HSS,Steel,51.69,527,1,OP005,1008.589925
196.56,0.382,1.18,0.29,Ceramic,Aluminum,445.32,2253,1,OP007,2093.706445
176.47,0.28,0.86,1.83,Carbide,Aluminum,331,783,1,OP008,296.1830601
202.86,0.356,0.61,2.24,Carbide,Brass,145.19,2432,0,OP005,155.1773174
54.53,0.069,0.75,0.19,HSS,Aluminum,92.74,1730,1,OP009,3119.565217
268.03,0.088,0.87,2.01,Ceramic,Aluminum,248.53,2461,1,OP014,1318.329376
283.03,0.372,0.46,1.64,Carbide,Brass,507.18,1960,1,OP012,213.4044715
191.28,0.082,0.9,0.4,HSS,Steel,523.22,706,1,OP004,5248.536585
224.16,0.082,1.18,0.6,Ceramic,Brass,373.62,2414,0,OP020,5376.195122
280.62,0.055,0.55,1.75,HSS,Aluminum,444.7,674,0,OP008,1603.542857
226.81,0.48,1.03,0.96,HSS,Brass,95.64,1697,0,OP017,506.9754774
88.13,0.382,1.13,2.82,Carbide,Steel,365.23,931,0,OP008,92.44634436
194.07,0.209,1.15,2.47,Carbide,Brass,410.17,2381,0,OP001,432.3276447
201.68,0.183,1.17,2.95,Carbide,Aluminum,144.41,2779,0,OP020,437.0947485
156.03,0.207,0.82,0.85,HSS,Aluminum,531.69,1885,1,OP002,727.1645354
234.11,0.399,1.18,2.91,Carbide,Brass,141.15,1818,1,OP004,237.9228139
283.59,0.348,1.01,1.35,HSS,Steel,208.68,2410,1,OP001,609.6762452
281.39,0.133,0.53,1.11,HSS,Brass,383.72,513,1,OP007,1010.20592
162.71,0.128,0.78,0.25,Carbide,Steel,393.86,2794,0,OP001,3966.05625
78.31,0.094,0.97,0.25,Ceramic,Steel,428.65,994,1,OP009,3232.370213
296.21,0.347,0.6,2.11,Ceramic,Brass,93.85,2960,0,OP003,242.7387082
259.72,0.394,0.91,1.43,Ceramic,Steel,514.19,2341,1,OP012,419.4831564
81.17,0.169,0.93,0.76,HSS,Aluminum,333.72,2436,1,OP019,587.7304578
280.21,0.059,0.53,1.88,HSS,Brass,298.65,2141,1,OP015,1338.904616
267.47,0.087,0.85,0.83,HSS,Steel,589.23,1679,0,OP016,3148.448968
179.71,0.486,1.02,1.78,Carbide,Aluminum,452.02,1929,1,OP010,211.8927729
197.82,0.183,0.8,1.14,HSS,Brass,97.26,616,0,OP006,758.5849871
149.75,0.396,0.41,2.49,Carbide,Aluminum,461.23,2060,0,OP017,62.26674374
63.69,0.331,0.41,2.48,Carbide,Aluminum,84.29,2065,1,OP017,31.81086151
133.8,0.222,0.69,1.48,Ceramic,Aluminum,45.66,2728,0,OP019,280.9897736
250.71,0.143,1.14,1.12,Ceramic,Steel,260.07,1764,0,OP018,1784.524226
51.16,0.105,0.58,1.15,Ceramic,Brass,596.34,693,1,OP011,245.7374741
133.37,0.327,0.91,2.44,Carbide,Brass,129.68,1265,1,OP007,152.1114704
149.54,0.399,0.58,1.05,Carbide,Steel,413.41,2139,1,OP010,207.025182
184.35,0.34,0.66,0.71,Carbide,Brass,128.84,1098,1,OP007,504.0223695
279.96,0.289,1.08,0.35,HSS,Aluminum,443.13,1201,1,OP005,2989.192289
136.59,0.069,0.98,1.45,Carbide,Brass,318.05,2551,1,OP012,1337.913043
136.74,0.486,0.48,1.5,Ceramic,Steel,417.58,1961,0,OP016,90.0345679
234.38,0.409,0.74,2.54,Ceramic,Aluminum,145.64,1771,1,OP018,166.9533912
163.05,0.182,0.42,0.74,Carbide,Steel,455.01,1296,1,OP003,508.4719335
106.15,0.491,0.78,1.2,Carbide,Aluminum,597.5,2327,0,OP020,140.5244399
163.11,0.321,0.93,2.44,Ceramic,Aluminum,409.42,1219,1,OP015,193.6728206
85.21,0.312,0.49,2.49,Carbide,Brass,311.28,2343,0,OP005,53.74433632
94.1,0.387,0.63,1.22,Ceramic,Aluminum,556.21,675,1,OP013,125.5623332
174.59,0.415,0.72,1.43,HSS,Steel,39.04,2661,1,OP019,211.8203724
154.73,0.345,1.14,0.98,Ceramic,Brass,446.06,1749,0,OP012,521.7160603
278.71,0.108,1.19,2.8,HSS,Steel,536.59,1596,1,OP005,1096.775463
140.6,0.202,0.44,0.44,Carbide,Aluminum,65.15,2028,0,OP006,696.039604
195.15,0.468,1.01,2.81,Carbide,Steel,286.54,2060,1,OP007,149.8779542
208.07,0.151,0.7,2.08,HSS,Steel,146.69,830,1,OP010,463.7321701
53.27,0.217,0.71,1.64,Carbide,Aluminum,352.92,2391,0,OP016,106.2765539
215.88,0.244,1,0.19,HSS,Brass,400.24,1190,1,OP008,4656.600518
94.51,0.248,1.13,1.48,Carbide,Steel,202.5,2762,1,OP009,290.9663797
290.27,0.326,1.16,1.28,Ceramic,Aluminum,292.19,2545,0,OP004,806.923888
87.17,0.474,0.86,0.57,Carbide,Brass,189.22,1366,1,OP008,277.4676142
153.66,0.158,0.69,2,Ceramic,Brass,240.55,2519,0,OP007,335.5234177
71.34,0.105,1.03,2.92,Ceramic,Brass,120.94,1391,1,OP015,239.6614481
299.22,0.139,0.6,1.73,HSS,Steel,534.77,752,0,OP003,746.587932
175.55,0.449,0.85,2.17,Carbide,Steel,35.71,2905,1,OP017,153.1488305
198.85,0.341,0.69,0.3,HSS,Steel,532.97,2132,0,OP011,1341.217009
66.77,0.179,0.93,1.31,Carbide,Brass,355.86,1640,0,OP009,264.8134249
237.49,0.417,0.59,0.44,Ceramic,Steel,219.04,1494,1,OP005,763.67506
102.48,0.438,0.55,1.88,Ceramic,Aluminum,442.14,1312,1,OP010,68.44943165
274.51,0.431,1.13,2.82,Carbide,Steel,319.42,2954,0,OP015,255.2173734
101.28,0.464,0.48,2.02,Carbide,Steel,314.49,837,1,OP014,51.86753158
97.67,0.164,0.8,0.32,HSS,Brass,92.78,1287,0,OP004,1488.871951
59.14,0.39,0.58,1.13,Carbide,Steel,252.02,1714,1,OP020,77.83344679
168.02,0.257,0.43,1.7,Carbide,Aluminum,167.41,1695,1,OP002,165.3664454
191.21,0.429,0.43,1.27,Carbide,Brass,38.95,1678,0,OP012,150.9100086
66.43,0.378,0.54,2.52,HSS,Aluminum,235.26,939,0,OP001,37.65873016
243.88,0.399,1.09,2.46,Carbide,Brass,81.2,862,1,OP020,270.8286978
163.32,0.345,0.63,1.87,Ceramic,Brass,176.39,1137,1,OP005,159.484771
181.1,0.13,1.16,1.18,HSS,Steel,82.73,2786,1,OP006,1369.46545
160.19,0.295,0.87,0.84,HSS,Aluminum,87.54,783,1,OP011,562.4104116
150.19,0.493,0.75,0.41,Ceramic,Brass,143.44,2394,1,OP008,557.2774947
189.91,0.472,0.86,1.13,Ceramic,Steel,599.91,2394,0,OP007,306.2145643
88.81,0.069,0.81,1.3,Ceramic,Brass,31.24,2524,1,OP004,801.9632107
95.48,0.124,1.01,2.06,Carbide,Brass,394.04,2717,1,OP006,377.5242718
265.45,0.109,0.63,2.01,Ceramic,Brass,110.51,1158,0,OP016,763.3095988
286.53,0.377,0.68,0.3,Carbide,Brass,554.76,1061,0,OP020,1722.72679
143.33,0.418,1.12,1.25,HSS,Brass,83.37,1664,0,OP015,307.2336842
117.69,0.146,1.16,0.63,HSS,Brass,574.39,1163,1,OP014,1484.240052
211,0.278,1.11,0.55,Ceramic,Steel,378.23,2336,0,OP012,1531.785481
152.18,0.428,0.74,2.5,Carbide,Brass,30.72,2090,0,OP012,105.2459813
56.35,0.38,1.02,0.22,Ceramic,Aluminum,539.58,2687,0,OP016,687.5239234
89.04,0.294,0.78,1.32,Ceramic,Steel,327.38,707,0,OP015,178.961039
228.99,0.316,0.8,0.59,Carbide,Aluminum,179.72,2788,1,OP013,982.5788457
214.73,0.279,0.56,2.65,Ceramic,Brass,467.35,1233,1,OP011,162.6412389
56.77,0.184,0.87,1.72,HSS,Aluminum,558.2,1727,1,OP017,156.0600986
105.49,0.304,0.55,0.77,Ceramic,Brass,305.7,1597,0,OP015,247.8618421
107.77,0.36,0.67,1.56,Carbide,Brass,209.87,2401,0,OP014,128.5717593
217.97,0.443,1.08,2.22,Carbide,Steel,479.7,1551,0,OP010,239.3667256
54.93,0.336,0.57,2.88,HSS,Steel,418.62,2859,0,OP012,32.35584077
76.03,0.393,0.46,0.74,Carbide,Brass,536.59,2756,0,OP016,120.2592669
249.98,0.122,0.46,2.67,Carbide,Steel,424.73,2680,0,OP015,353.0140603
94.64,0.258,1.15,2.81,HSS,Aluminum,168.81,678,1,OP010,150.122762
213.19,0.054,0.81,2.76,Ceramic,Steel,561.05,2636,1,OP004,1158.641304
109.55,0.161,0.73,1.94,HSS,Steel,89.76,2454,0,OP009,256.0398924
74.86,0.377,1.05,1.93,Ceramic,Aluminum,182.73,759,1,OP020,108.0290265
110.79,0.496,1.07,1.27,HSS,Steel,326.51,769,0,OP009,188.1910401
230.57,0.095,0.67,2.28,Ceramic,Brass,352.47,753,0,OP020,713.2128347
263.92,0.231,0.95,1.64,HSS,Aluminum,38.73,528,1,OP011,661.8202935
257.55,0.41,1.02,2.06,Ceramic,Brass,474.93,1872,0,OP011,311.0359934
149.3,0.142,0.92,1.34,HSS,Aluminum,236.12,2933,1,OP007,721.8625184
217.02,0.3,0.52,2.22,Ceramic,Brass,261.66,1597,0,OP010,169.445045
101.25,0.38,1.1,2.49,HSS,Brass,491.34,1852,0,OP004,117.7076728
123.29,0.327,0.83,0.52,Carbide,Steel,246.19,2920,1,OP005,601.8036932
274.08,0.135,0.63,2.52,Ceramic,Brass,56.92,1138,0,OP005,507.5555556
53.25,0.21,0.74,1.67,HSS,Steel,130.57,2646,0,OP011,112.3609923
71.38,0.403,0.43,2.55,Ceramic,Aluminum,574.86,1866,0,OP009,29.86756191
101.97,0.299,0.5,1.35,Ceramic,Brass,70.13,1924,1,OP016,126.309922
56.63,0.052,1.01,1.2,HSS,Brass,232.31,1358,0,OP009,916.6073718
95.36,0.392,0.4,2.75,Ceramic,Aluminum,316.81,1904,0,OP004,35.38404453
195.76,0.066,0.73,0.83,HSS,Aluminum,311.17,683,0,OP002,2608.703907
155.36,0.386,0.82,2.55,Carbide,Brass,32.26,2412,1,OP014,129.4272072
273.17,0.141,0.44,1.5,Ceramic,Aluminum,315.66,1212,1,OP003,568.2969267
254.36,0.481,1.18,1.59,Carbide,Steel,248.75,2719,1,OP018,392.4538762
135.45,0.216,0.58,0.99,Ceramic,Aluminum,584.09,1420,1,OP006,367.3821549
114.86,0.197,0.64,1.76,Ceramic,Aluminum,120.72,857,1,OP011,212.0166128
144.92,0.117,0.64,1.04,Ceramic,Brass,231.87,2240,0,OP018,762.2353715
197.57,0.188,0.58,0.21,HSS,Steel,269.1,911,1,OP012,2902.497467
117.02,0.444,0.4,0.89,Carbide,Aluminum,252.7,2384,1,OP005,118.4532847
206.04,0.498,0.98,0.12,Ceramic,Steel,409.52,2920,0,OP009,3378.835341
152.35,0.216,1.17,2.94,HSS,Steel,152.84,2449,1,OP020,280.6901927
188.01,0.252,0.58,2.9,Ceramic,Steel,156.01,556,0,OP018,149.2142857
159.03,0.375,0.93,1.25,HSS,Brass,445.65,2000,1,OP019,315.51552
123.62,0.449,0.99,2.21,Ceramic,Aluminum,315.17,2239,0,OP003,123.3347106
287.11,0.317,1.08,1.1,Carbide,Brass,266.64,2564,0,OP009,889.2423286
240.9,0.226,0.74,2.05,Carbide,Aluminum,126.45,640,1,OP004,384.7744442
85.03,0.236,0.64,2.44,Ceramic,Aluminum,136.89,1700,1,OP017,94.5040289
267.12,0.363,0.66,2.85,HSS,Brass,36.01,1838,0,OP017,170.4114833
171.86,0.051,0.97,1.26,Ceramic,Steel,82.11,923,0,OP002,2594.21413
273.64,0.329,1.05,2.37,HSS,Steel,347.4,1306,0,OP009,368.4890924
249.96,0.21,0.55,0.87,Ceramic,Aluminum,538.37,1601,0,OP009,752.4794745
156.3,0.407,0.7,2.97,HSS,Brass,193.68,2583,0,OP005,90.5119996
55.62,0.092,1.12,0.17,Carbide,Steel,216.82,2824,0,OP015,3983.017903
117.17,0.315,1.05,1.85,Ceramic,Steel,95.9,2071,0,OP015,211.1171171
185.41,0.266,1.19,2.01,Carbide,Aluminum,251.52,1487,1,OP003,412.669547
208.37,0.339,1,2.1,Carbide,Aluminum,51.22,1135,0,OP019,292.6956033
114.47,0.079,0.71,0.45,Ceramic,Brass,553.03,2955,1,OP003,2286.180028
84.84,0.311,0.87,2.82,Ceramic,Aluminum,413.67,2958,1,OP006,84.16090853
258.73,0.303,0.93,0.63,HSS,Steel,594.73,2812,0,OP004,1260.510765
296.1,0.302,0.46,1.91,HSS,Steel,533.21,2464,0,OP013,236.132589
181.42,0.322,0.84,0.75,Carbide,Steel,299.6,1314,1,OP013,631.026087
92.92,0.354,0.97,0.99,HSS,Steel,326.22,2543,0,OP011,257.1831307
118.08,0.412,0.53,1.68,HSS,Brass,138.63,1522,0,OP005,90.41608877
54.6,0.171,1.02,1.31,Ceramic,Brass,293.36,1317,1,OP001,248.6139012
278.57,0.421,0.87,0.56,HSS,Aluminum,544.73,2362,1,OP009,1027.97718
79.44,0.274,1.16,0.6,Carbide,Aluminum,58.99,699,1,OP017,560.5255474
194.13,0.085,0.43,1.31,HSS,Aluminum,522.23,621,0,OP001,749.6713067
118.51,0.076,0.61,2.3,Carbide,Brass,224.34,1620,0,OP003,413.5646453
188.54,0.2,0.88,2.7,Ceramic,Steel,542.72,1614,1,OP015,307.2503704
212.86,0.403,0.64,0.34,Carbide,Aluminum,566.3,2739,0,OP010,994.2373376
257.44,0.368,0.97,1.24,HSS,Steel,412.39,815,1,OP008,547.240533
101.61,0.405,1.01,0.39,Ceramic,Aluminum,408.72,808,0,OP012,649.7378917
52.75,0.283,0.48,0.15,HSS,Aluminum,288.07,869,1,OP015,596.4664311
84.22,0.248,0.81,2.02,Ceramic,Aluminum,506.26,574,0,OP009,136.1749441
275,0.116,0.81,1.85,Ceramic,Aluminum,578.12,679,1,OP010,1037.977633
268.47,0.198,0.7,0.57,HSS,Aluminum,471.8,2150,0,OP020,1665.151515
199.35,0.245,1.15,0.78,HSS,Steel,384.5,1579,0,OP009,1199.646782
200.13,0.09,1.06,0.17,Ceramic,Aluminum,375.87,2409,1,OP015,13865.21569
216.26,0.149,0.96,2.52,Ceramic,Steel,514.2,2981,0,OP001,552.9178651
93.84,0.319,0.97,2.93,HSS,Brass,338.49,2148,0,OP002,97.38709919
278.6,0.381,0.77,0.49,Carbide,Aluminum,488.2,626,1,OP019,1149.081365
154.69,0.499,1.14,0.77,HSS,Steel,320.06,761,0,OP014,458.961039
145.78,0.47,0.96,2.62,Ceramic,Brass,65.59,2703,0,OP008,113.6501543
179.73,0.339,0.98,2.79,HSS,Brass,248.85,1819,0,OP006,186.2270435
61.74,0.24,1.09,1.32,Carbide,Brass,283.33,2562,1,OP012,212.4261364
91.57,0.336,0.62,0.25,HSS,Steel,110.72,2642,1,OP015,675.8738095
234.51,0.404,1.05,0.21,Ceramic,Aluminum,88.42,2819,1,OP014,2902.351485
70.7,0.103,0.56,1.76,HSS,Aluminum,335.22,2875,1,OP001,218.4024713
200.79,0.234,0.68,1.24,Ceramic,Steel,78.53,1887,1,OP011,470.5583127
111.34,0.428,0.67,0.18,Ceramic,Aluminum,202.68,1353,0,OP003,968.2995846
147.32,0.223,1.18,1.79,HSS,Steel,454.42,2905,0,OP019,435.4976576
122.17,0.307,1.09,0.13,Ceramic,Aluminum,579.73,1869,1,OP018,3336.63994
138.92,0.314,0.96,2.38,Ceramic,Brass,439.19,661,0,OP020,178.4552802
229.76,0.133,0.98,0.99,Carbide,Aluminum,595.8,2107,0,OP002,1710.069112
124.28,0.213,0.85,0.22,Carbide,Steel,428.05,1969,0,OP007,2254.332053
191.6,0.201,1.16,1.81,Carbide,Steel,197.46,2739,0,OP008,610.9122894
169.01,0.062,0.8,1.25,Carbide,Brass,413.07,2133,1,OP019,1744.619355
215.92,0.061,0.7,2.92,Ceramic,Steel,430.23,1373,1,OP015,848.5515383
284.21,0.424,0.53,1.68,HSS,Aluminum,241.88,2916,0,OP010,211.4657738
233.14,0.173,1.03,0.9,Ceramic,Aluminum,40.1,2504,0,OP001,1542.287733
103.74,0.283,0.99,2.16,Ceramic,Brass,430.82,2076,1,OP006,168.0123675
57.8,0.184,0.71,0.89,Ceramic,Steel,42.37,1232,0,OP013,250.5984367
115.57,0.473,0.42,2.72,HSS,Brass,389.78,1434,0,OP014,37.72804999
198.77,0.167,1.07,1.19,Carbide,Aluminum,123.26,2175,0,OP003,1070.215368
62.86,0.243,0.41,1.69,Ceramic,Brass,352.39,680,1,OP011,62.75744515
174.09,0.443,0.96,0.25,Ceramic,Steel,317.23,1142,1,OP003,1509.041986
199.21,0.429,1.18,1.34,Carbide,Brass,37.7,2285,0,OP019,408.9131267
133.56,0.134,0.75,2.51,Ceramic,Steel,236.83,1700,0,OP010,297.8236308
242.73,0.411,0.59,2.44,HSS,Steel,372.62,1506,0,OP015,142.8051334
76.65,0.256,0.96,0.75,Ceramic,Aluminum,513.71,879,0,OP011,383.25
68.78,0.267,1.05,0.76,Ceramic,Aluminum,536.53,1605,0,OP015,355.8988764
232.05,0.11,0.84,2.47,Carbide,Aluminum,305.79,2427,0,OP013,717.4162679
173.87,0.086,1.17,2.8,Ceramic,Steel,445.2,1160,1,OP005,844.8002492
222.1,0.378,0.44,0.38,Ceramic,Brass,210.38,513,1,OP004,680.3397382
158.71,0.273,0.8,1.41,HSS,Steel,225.05,2171,0,OP013,329.8469852
111.6,0.247,0.97,1.08,Carbide,Aluminum,140.84,2932,1,OP009,405.802969
254.78,0.378,1.09,2.62,Carbide,Aluminum,350.31,2017,0,OP017,280.413385
249.85,0.394,0.54,0.34,HSS,Brass,209.3,800,0,OP002,1007.158853
223.67,0.122,1.04,0.71,Ceramic,Aluminum,78.09,1302,1,OP005,2685.486031
118.04,0.325,0.84,2.28,Carbide,Aluminum,420.45,2669,1,OP016,133.8105263
197.56,0.111,0.72,0.25,Carbide,Aluminum,433.42,1081,0,OP007,5125.881081
140.24,0.388,0.51,1.53,Ceramic,Brass,235.2,2019,0,OP001,120.4810997
72.9,0.346,1.09,1.38,Ceramic,Steel,73.73,1507,1,OP012,166.4174416
279.33,0.48,0.53,1.07,Carbide,Aluminum,272.99,1020,1,OP011,288.2494159
84.2,0.081,0.65,1.24,Ceramic,Brass,282.13,2534,0,OP012,544.9024293
287.56,0.076,0.63,1.64,Carbide,Aluminum,411.14,2357,0,OP019,1453.488447
161.5,0.177,1.1,0.57,Ceramic,Brass,209.79,2154,0,OP012,1760.828625
